t, tp, r, y, u, dtp, dt
   0.000,    0.000,   96.090,    0.000,    0.000, 1844.000,    5.000
   0.083, 82912.000,   99.800,    0.000,    0.000, 5000.000,   82.652
   0.108, 103816.000,   99.800,    0.000,    0.000, 5000.000,   25.731
   0.125, 130744.000,   99.800,    0.000,    0.000, 3976.000,   17.085
   0.140, 143696.000,   99.800,    0.000,    0.000, 5000.000,   15.026
   0.155, 158696.000,   99.800,    0.000,    0.000, 5000.000,   14.698
   0.160, 162672.000,   99.800,    0.000,    0.000, 3976.000,    4.729
   0.163, 166660.000,   99.800,    0.000,    0.000, 3988.000,    2.628
   0.175, 174600.000,   99.800,    0.000,    0.000, 3976.000,   12.692
   0.191, 189600.000,   99.800,    0.000,   -0.000, 5000.000,   15.856
   0.206, 202552.000,   99.900,    0.000,    8.000, 3976.000,   15.311
   0.235, 214480.000,   99.800,    0.000,   20.000, 3976.000,   28.720
   0.239, 234480.000,   99.710,    0.070,   20.000, 4984.000,    3.471
   0.254, 246408.000,   99.800,    0.070,    0.000, 3976.000,   15.360
   0.275, 265384.000,   99.800,    0.400,    0.000, 5000.000,   21.352
   0.290, 278340.000,   99.800,    0.660,    0.000, 3980.000,   14.769
   0.294, 282312.000,   99.800,    0.790,    0.000, 3972.000,    4.272
   0.298, 286288.000,   99.800,    0.860,    0.000, 3976.000,    4.024
   0.303, 290264.000,   99.800,    1.050,    0.000, 3976.000,    4.350
   0.308, 295276.000,   99.800,    1.120,    0.000, 5012.000,    5.238
   0.310, 300264.000,   99.800,    1.320,    0.000, 4988.000,    1.964
   0.319, 305264.000,   99.800,    1.380,   -0.000, 5000.000,    8.643
   0.324, 310264.000,   99.800,    1.580,   -0.000, 5000.000,    5.828
   0.326, 314240.000,   99.800,    1.650,   -0.000, 3976.000,    1.983
   0.330, 318224.000,   99.800,    1.850,    8.000, 3984.000,    3.896
   0.339, 322192.000,   99.800,    1.910,    8.000, 3968.000,    9.176
   0.343, 326168.000,   99.800,    2.110,    0.000, 3976.000,    3.884
   0.347, 330144.000,   99.800,    2.180,    0.000, 3976.000,    4.120
   0.351, 335144.000,   99.800,    2.370,    0.000, 5000.000,    3.999
   0.355, 340144.000,   99.800,    2.440,    0.000, 5000.000,    3.127
   0.365, 345144.000,   99.800,    2.640,   -0.000, 5000.000,   10.004
   0.368, 349120.000,   99.800,    2.770,   -0.000, 3976.000,    3.789
   0.372, 353096.000,   99.800,    2.900,   -0.000, 3976.000,    3.407
   0.378, 357072.000,   99.800,    3.030,    8.000, 3976.000,    5.962
   0.385, 361048.000,   99.800,    3.160,    0.000, 3976.000,    7.014
   0.388, 365024.000,   99.800,    3.230,    0.000, 3976.000,    3.020
   0.393, 370024.000,   99.800,    3.430,    0.000, 5000.000,    4.948
   0.396, 375024.000,   99.800,    3.490,    0.000, 5000.000,    3.062
   0.402, 380024.000,   99.800,    3.560,    0.000, 5000.000,    6.081
   0.408, 385024.000,   99.800,    3.690,    0.000, 5000.000,    6.361
   0.412, 389000.000,   99.800,    3.760,    0.000, 3976.000,    4.185
   0.417, 392976.000,   99.800,    3.820,    0.000, 3976.000,    5.082
   0.422, 396952.000,   99.800,    3.960,    0.000, 3976.000,    4.083
   0.430, 400928.000,   99.800,    4.020,    0.000, 3976.000,    7.998
   0.434, 404904.000,   99.800,    4.090,    0.000, 3976.000,    4.223
   0.437, 409904.000,   99.800,    4.220,    0.000, 5000.000,    3.274
   0.442, 414904.000,   99.800,    4.220,    0.000, 5000.000,    4.810
   0.445, 419904.000,   99.800,    4.280,    0.000, 5000.000,    3.186
   0.455, 423880.000,   99.800,    4.280,    8.000, 3976.000,    9.742
   0.458, 427856.000,   99.800,    4.350,   20.000, 3976.000,    3.340
   0.462, 431832.000,   99.800,    4.350,   20.000, 3976.000,    4.066
   0.467, 435808.000,   99.900,    4.350,   20.000, 3976.000,    4.441
   0.471, 439784.000,   99.800,    4.350,    0.000, 3976.000,    3.967
   0.478, 444784.000,   99.800,    4.350,    0.000, 5000.000,    7.140
   0.482, 449784.000,   99.800,    4.480,    0.000, 5000.000,    3.870
   0.486, 454784.000,   99.800,    4.480,    0.000, 5000.000,    4.101
   0.492, 459784.000,   99.800,    4.480,    0.000, 5000.000,    5.955
   0.500, 463760.000,   99.800,    4.350,    0.000, 3976.000,    8.253
   0.504, 467736.000,   99.800,    4.350,    0.000, 3976.000,    4.293
   0.506, 471712.000,   99.800,    4.350,    0.000, 3976.000,    2.226
   0.510, 475688.000,   99.800,    4.350,    0.000, 3976.000,    3.938
   0.514, 479664.000,   99.800,    4.350,    0.000, 3976.000,    3.868
   0.524, 484664.000,   99.800,    4.280,    0.000, 5000.000,    9.413
   0.528, 489664.000,   99.800,    4.280,    0.000, 5000.000,    4.003
   0.532, 494664.000,   99.800,    4.280,    0.000, 5000.000,    3.966
   0.536, 498640.000,   99.800,    4.220,    0.000, 3976.000,    3.961
   0.544, 502616.000,   99.800,    4.220,    8.000, 3976.000,    8.199
   0.548, 506592.000,   99.800,    4.090,   20.000, 3976.000,    3.969
   0.552, 510568.000,   99.900,    4.020,   20.000, 3976.000,    4.015
   0.556, 514544.000,   99.800,    3.960,   20.000, 3976.000,    4.555
   0.559, 518520.000,   99.800,    3.820,    0.000, 3976.000,    2.858
   0.570, 523520.000,   99.800,    3.760,    0.000, 5000.000,   10.567
   0.572, 528520.000,   99.800,    3.760,    0.000, 5000.000,    1.790
   0.578, 533520.000,   99.800,    3.690,    0.000, 5000.000,    6.278
   0.586, 537496.000,   99.800,    3.560,    0.000, 3976.000,    7.848
   0.590, 541472.000,   99.800,    3.560,    0.000, 3976.000,    3.987
   0.594, 545448.000,   99.800,    3.490,   -0.000, 3976.000,    3.838
   0.598, 549424.000,   99.800,    3.430,   -0.000, 3976.000,    4.415
   0.601, 553400.000,   99.800,    3.300,   -0.000, 3976.000,    3.255
   0.605, 558400.000,   99.800,    3.230,    8.000, 5000.000,    3.457
   0.612, 563404.000,   99.800,    3.160,    0.000, 5004.000,    7.830
   0.618, 568400.000,   99.800,    3.160,    0.000, 4996.000,    6.001
   0.622, 572376.000,   99.800,    2.970,    0.000, 3976.000,    3.769
   0.625, 576352.000,   99.800,    2.900,    0.000, 3976.000,    3.152
   0.629, 580332.000,   99.800,    2.770,    0.000, 3980.000,    4.034
   0.638, 584304.000,   99.800,    2.700,    0.000, 3972.000,    8.156
   0.642, 588280.000,   99.800,    2.640,   -0.000, 3976.000,    4.035
   0.646, 593280.000,   99.800,    2.500,   -0.000, 5000.000,    4.159
   0.650, 598280.000,   99.800,    2.440,    8.000, 5000.000,    4.078
   0.659, 603280.000,   99.800,    2.370,   20.000, 5000.000,    9.320
   0.662, 608280.000,   99.800,    2.240,   20.000, 5000.000,    3.015
   0.667, 612256.000,   99.800,    2.180,   20.000, 3976.000,    4.604
   0.671, 616232.000,   99.800,    2.110,   20.000, 3976.000,    4.049
   0.675, 620208.000,   99.800,    1.980,    0.000, 3976.000,    3.860
   0.684, 624184.000,   99.800,    1.910,    0.000, 3976.000,    9.673
   0.686, 628160.000,   99.800,    1.910,    0.000, 3976.000,    2.118
   0.690, 633160.000,   99.800,    1.850,    0.000, 5000.000,    3.861
   0.694, 638160.000,   99.800,    1.710,    0.000, 5000.000,    4.092
   0.704, 643168.000,   99.800,    1.710,    0.000, 5008.000,    9.557
   0.710, 648160.000,   99.800,    1.650,    0.000, 4992.000,    6.146
   0.715, 652136.000,   99.800,    1.650,    0.000, 3976.000,    5.007
   0.717, 656112.000,   99.800,    1.580,    0.000, 3976.000,    1.863
   0.721, 660088.000,   99.800,    1.580,    8.000, 3976.000,    4.216
   0.735, 668040.000,   99.800,    1.450,   20.000, 3976.000,   14.033
   0.752, 683040.000,   99.800,    1.450,   20.000, 4992.000,   16.554
   0.776, 702920.000,   99.800,    1.710,   20.000, 3976.000,   23.978
   0.791, 717920.000,   99.800,    2.110,   20.000, 5000.000,   15.336
   0.808, 734848.000,   99.800,    3.030,   20.000, 3976.000,   16.434
   0.824, 747800.000,   99.800,    3.960,   20.000, 5000.000,   15.956
   0.826, 752800.000,   99.800,    4.280,   20.000, 5000.000,    2.328
   0.830, 757800.000,   99.800,    4.750,   20.000, 5000.000,    4.024
   0.840, 761776.000,   99.900,    5.140,   20.000, 3976.000,    9.804
   0.843, 765752.000,   99.800,    5.600,    0.000, 3976.000,    3.607
   0.847, 769728.000,   99.800,    6.130,    0.000, 3976.000,    3.648
   0.851, 773704.000,   99.800,    6.590,    0.000, 3976.000,    4.440
   0.855, 777680.000,   99.800,    7.190,    0.000, 3976.000,    3.512
   0.863, 782680.000,   99.800,    7.710,    0.000, 5000.000,    7.703
   0.869, 787680.000,   99.800,    8.240,    0.000, 5000.000,    6.818
   0.873, 792680.000,   99.800,    8.770,    0.000, 5000.000,    3.927
   0.876, 797688.000,   99.800,    9.360,    0.000, 5008.000,    3.101
   0.880, 801656.000,   99.800,   10.020,    0.000, 3968.000,    4.015
   0.888, 805632.000,   99.800,   10.610,    0.000, 3976.000,    7.591
   0.892, 809608.000,   99.800,   11.140,    8.000, 3976.000,    3.730
   0.897, 813588.000,   99.800,   11.670,   20.000, 3980.000,    4.804
   0.901, 817560.000,   99.800,   12.260,   20.000, 3972.000,    4.044
   0.908, 822560.000,   99.800,   12.920,    0.000, 5000.000,    7.226
   0.912, 827560.000,   99.800,   13.320,    0.000, 5000.000,    3.761
   0.916, 832560.000,   99.800,   13.970,    0.000, 5000.000,    4.040
   0.921, 836536.000,   99.800,   14.500,    0.000, 3976.000,    5.637
   0.929, 840512.000,   99.800,   15.030,    0.000, 3976.000,    7.926
   0.933, 844492.000,   99.800,   15.560,    0.000, 3980.000,    3.323
   0.938, 848472.000,   99.800,   16.080,    0.000, 3980.000,    5.724
   0.946, 856416.000,   99.800,   16.940,    0.000, 3976.000,    7.769
   0.953, 861416.000,   99.800,   17.400,    0.000, 5000.000,    6.720
   0.958, 866416.000,   99.800,   17.800,    0.000, 5000.000,    5.343
   0.962, 871416.000,   99.800,   18.060,   -0.000, 5000.000,    3.938
   0.966, 875400.000,   99.800,   18.520,   -0.000, 3984.000,    4.458
   0.977, 883344.000,   99.800,   19.050,    8.000, 3976.000,   10.797
   0.996, 895292.000,   99.800,   19.780,   20.000, 3996.000,   18.529
   1.013, 913224.000,   99.800,   20.170,   20.000, 3976.000,   16.965
   1.031, 925152.000,   99.800,   20.300,   20.000, 3976.000,   18.163
   1.046, 939128.000,   99.800,   20.300,   20.000, 5000.000,   15.231
   1.048, 944136.000,   99.800,   20.300,    0.000, 5008.000,    2.125
   1.051, 948104.000,   99.800,   20.300,    0.000, 3968.000,    2.967
   1.057, 952100.000,   99.800,   20.170,    0.000, 3996.000,    5.782
   1.061, 956056.000,   99.800,   20.100,    0.000, 3956.000,    3.879
   1.068, 960032.000,   99.800,   20.040,    0.000, 3976.000,    6.878
   1.072, 964008.000,   99.800,   19.910,    0.000, 3976.000,    4.016
   1.077, 969008.000,   99.800,   19.840,    0.000, 5000.000,    5.119
   1.083, 974012.000,   99.800,   19.640,    0.000, 5004.000,    5.600
   1.084, 979008.000,   99.800,   19.510,    0.000, 4996.000,    1.822
   1.093, 982984.000,   99.800,   19.310,   -0.000, 3976.000,    9.108
   1.098, 986960.000,   99.800,   19.050,   -0.000, 3976.000,    4.221
   1.102, 990936.000,   99.800,   18.790,   -0.000, 3976.000,    3.848
   1.105, 994912.000,   99.800,   18.520,   -0.000, 3976.000,    3.568
   1.115, 998888.000,   99.800,   18.260,    8.000, 3976.000,    9.697
   1.117, 1002864.000,   99.800,   18.000,    0.000, 3976.000,    2.122
   1.122, 1007864.000,   99.800,   17.670,    0.000, 5000.000,    5.289
   1.127, 1012864.000,   99.800,   17.270,    0.000, 5000.000,    4.466
   1.131, 1017864.000,   99.800,   16.870,    0.000, 5000.000,    3.965
   1.138, 1021840.000,   99.800,   16.480,    0.000, 3976.000,    7.072
   1.142, 1025816.000,   99.800,   16.080,    0.000, 3976.000,    4.434
   1.147, 1029792.000,   99.800,   15.620,    0.000, 3976.000,    4.607
   1.151, 1033768.000,   99.800,   15.100,    0.000, 3976.000,    3.894
   1.165, 1042744.000,   99.800,   14.110,    0.000, 5000.000,   14.505
   1.168, 1047744.000,   99.800,   13.580,    0.000, 5000.000,    2.950
   1.170, 1052744.000,   99.800,   12.990,    0.000, 5000.000,    2.072
   1.175, 1056720.000,   99.800,   12.460,    0.000, 3976.000,    5.237
   1.185, 1060696.000,   99.800,   11.730,    0.000, 3976.000,    9.896
   1.201, 1077624.000,   99.800,    9.230,   -0.000, 5000.000,   15.522
   1.218, 1092624.000,   99.800,    7.190,   -0.000, 5000.000,   16.876
   1.233, 1104552.000,   99.800,    5.010,   -0.000, 3976.000,   15.064
   1.249, 1117504.000,   99.900,    2.700,    8.000, 5000.000,   16.664
   1.266, 1135464.000,   99.800,   -0.200,    0.000, 3984.000,   16.174
   1.281, 1143408.000,   99.800,   -1.580,    0.000, 3976.000,   15.108
   1.285, 1152388.000,   99.800,   -3.030,    0.000, 5004.000,    3.965
   1.288, 1157384.000,   99.800,   -3.630,    0.000, 4996.000,    3.743
   1.298, 1162384.000,   99.800,   -4.220,    0.000, 5000.000,    9.598
   1.302, 1167384.000,   99.800,   -4.940,    0.000, 5000.000,    4.129
   1.307, 1171360.000,   99.800,   -5.540,    0.000, 3976.000,    4.365
   1.311, 1175336.000,   99.800,   -6.200,    0.000, 3976.000,    4.318
   1.331, 1192264.000,   99.800,   -8.370,   -0.000, 5000.000,   19.752
   1.356, 1215216.000,   99.800,  -10.480,   -0.000, 3976.000,   25.053
   1.376, 1232144.000,   99.800,  -11.800,   -0.000, 5000.000,   20.008
   1.391, 1242144.000,   99.800,  -12.130,   -0.000, 5000.000,   15.038
   1.407, 1254076.000,   99.800,  -12.590,   -0.000, 3980.000,   16.598
   1.424, 1272024.000,   99.800,  -12.660,   -0.000, 5000.000,   16.794
   1.440, 1289980.000,   99.800,  -12.330,   -0.000, 3980.000,   15.731
   1.455, 1297928.000,   99.800,  -12.000,   -0.000, 3976.000,   15.358
   1.470, 1316912.000,   99.800,  -10.940,   -0.000, 5008.000,   14.947
   1.478, 1320880.000,   99.800,  -10.550,   -0.000, 3968.000,    8.283
   1.482, 1324856.000,   99.800,  -10.220,   -0.000, 3976.000,    3.999
   1.486, 1328832.000,   99.800,   -9.890,   -0.000, 3976.000,    3.344
   1.490, 1332808.000,   99.800,   -9.430,   -0.000, 3976.000,    4.409
   1.500, 1336784.000,   99.800,   -9.100,    8.000, 3976.000,    9.887
   1.516, 1356784.000,   99.800,   -7.120,    0.000, 4992.000,   16.023
   1.519, 1360760.000,   99.800,   -6.720,    0.000, 3976.000,    2.739
   1.527, 1364736.000,   99.800,   -6.060,    0.000, 3976.000,    8.352
   1.531, 1368712.000,   99.800,   -5.670,    0.000, 3976.000,    4.006
   1.535, 1372688.000,   99.800,   -5.010,    0.000, 3976.000,    3.393
   1.539, 1377704.000,   99.800,   -4.480,    0.000, 5016.000,    4.049
   1.548, 1382688.000,   99.800,   -3.890,    0.000, 4984.000,    9.152
   1.552, 1387688.000,   99.800,   -3.360,    0.000, 5000.000,    3.901
   1.555, 1392688.000,   99.800,   -2.640,    0.000, 5000.000,    2.930
   1.560, 1396664.000,   99.800,   -2.110,    0.000, 3976.000,    5.162
   1.564, 1400640.000,   99.800,   -1.520,    0.000, 3976.000,    4.056
   1.572, 1404616.000,   99.800,   -0.920,   -0.000, 3976.000,    8.002
   1.576, 1408592.000,   99.800,   -0.260,   -0.000, 3976.000,    4.081
   1.580, 1412568.000,   99.800,    0.330,   -0.000, 3976.000,    3.932
   1.584, 1417568.000,   99.800,    0.920,   -0.000, 5000.000,    3.899
   1.592, 1422568.000,   99.800,    1.580,   -0.000, 5000.000,    8.374
   1.596, 1427568.000,   99.800,    2.180,   -0.000, 5000.000,    3.697
   1.601, 1432568.000,   99.800,    2.700,   -0.000, 5000.000,    4.928
   1.605, 1436544.000,   99.800,    3.430,   -0.000, 3976.000,    4.255
   1.610, 1440520.000,   99.900,    3.960,    8.000, 3976.000,    4.709
   1.618, 1444496.000,   99.800,    4.550,   20.000, 3976.000,    8.130
   1.622, 1448472.000,   99.800,    5.080,   20.000, 3976.000,    4.584
   1.625, 1452448.000,   99.800,    5.670,   20.000, 3976.000,    2.388
   1.629, 1457448.000,   99.800,    6.200,   20.000, 5000.000,    4.101
   1.642, 1467448.000,   99.800,    7.250,    0.000, 4992.000,   13.395
   1.660, 1479376.000,   99.800,    8.770,    0.000, 3976.000,   18.025
   1.677, 1497328.000,   99.800,   10.610,   -0.000, 5000.000,   16.469
   1.695, 1515280.000,   99.800,   12.000,   -0.000, 3976.000,   18.469
   1.711, 1523232.000,   99.800,   12.660,   -0.000, 3976.000,   15.359
   1.715, 1532208.000,   99.800,   13.050,   -0.000, 5000.000,    4.001
   1.719, 1537208.000,   99.800,   13.250,   -0.000, 5000.000,    4.422
   1.727, 1542208.000,   99.800,   13.450,   -0.000, 5000.000,    7.682
   1.733, 1546184.000,   99.800,   13.580,   -0.000, 3976.000,    6.048
   1.736, 1550168.000,   99.800,   13.710,   -0.000, 3984.000,    3.275
   1.740, 1554136.000,   99.800,   13.780,   -0.000, 3968.000,    3.726
   1.744, 1558120.000,   99.800,   13.840,   -0.000, 3984.000,    3.905
   1.752, 1562088.000,   99.800,   13.840,    8.000, 3968.000,    8.269
   1.758, 1566064.000,   99.800,   13.840,   20.000, 3976.000,    5.610
   1.761, 1571080.000,   99.800,   13.840,   20.000, 5016.000,    3.622
   1.765, 1576064.000,   99.800,   13.780,   20.000, 4984.000,    3.616
   1.769, 1581064.000,   99.800,   13.710,   20.000, 5000.000,    4.052
   1.778, 1585040.000,   99.800,   13.580,    0.000, 3976.000,    8.981
   1.781, 1589016.000,   99.800,   13.450,    0.000, 3976.000,    2.944
   1.786, 1592992.000,   99.800,   13.250,    0.000, 3976.000,    5.371
   1.790, 1596968.000,   99.800,   13.050,    0.000, 3976.000,    4.127
   1.797, 1600944.000,   99.800,   12.920,    0.000, 3976.000,    6.249
   1.801, 1605944.000,   99.800,   12.720,   -0.000, 5000.000,    4.136
   1.805, 1610944.000,   99.800,   12.460,   -0.000, 5000.000,    4.027
   1.820, 1619920.000,   99.800,   11.930,   -0.000, 3972.000,   14.972
   1.835, 1635824.000,   99.800,   10.550,   -0.000, 3976.000,   15.469
   1.851, 1649800.000,   99.800,    9.360,   -0.000, 5000.000,   15.519
   1.866, 1658776.000,   99.800,    8.500,   -0.000, 3976.000,   15.245
   1.871, 1666728.000,   99.800,    7.510,   -0.000, 3976.000,    5.028
   1.874, 1670704.000,   99.800,    6.990,   -0.000, 3976.000,    3.552
   1.880, 1674680.000,   99.800,    6.590,   -0.000, 3976.000,    5.280
   1.906, 1697632.000,   99.800,    3.820,   -0.000, 3976.000,   26.048
   1.924, 1709560.000,   99.800,    2.180,   -0.000, 3976.000,   18.054
   1.946, 1733536.000,   99.800,   -0.660,   -0.000, 3976.000,   21.705
   1.965, 1749440.000,   99.800,   -2.830,   -0.000, 3976.000,   19.543
   1.980, 1759440.000,   99.800,   -3.890,   -0.000, 5000.000,   14.821
   1.995, 1777392.000,   99.800,   -5.800,   -0.000, 3976.000,   15.544
   2.011, 1789320.000,   99.800,   -7.120,   -0.000, 3976.000,   15.159
   2.015, 1794320.000,   99.800,   -7.510,   -0.000, 5000.000,    4.291
   2.019, 1799320.000,   99.800,   -7.910,   -0.000, 5000.000,    4.567
   2.027, 1804328.000,   99.800,   -8.170,   -0.000, 5008.000,    7.293
   2.031, 1808296.000,   99.800,   -8.640,   -0.000, 3968.000,    3.995
   2.035, 1812272.000,   99.800,   -8.900,   -0.000, 3976.000,    3.971
   2.039, 1816248.000,   99.800,   -9.230,   -0.000, 3976.000,    4.550
   2.057, 1828176.000,   99.800,   -9.950,   20.000, 3976.000,   17.862
   2.073, 1843176.000,   99.900,  -10.480,   20.000, 5000.000,   15.863
   2.096, 1859080.000,   99.800,  -10.680,    0.000, 3976.000,   22.637
   2.111, 1878056.000,   99.800,  -10.280,    0.000, 5000.000,   15.106
   2.116, 1882032.000,   99.800,  -10.150,    0.000, 3976.000,    5.674
   2.122, 1886008.000,   99.800,   -9.950,    0.000, 3976.000,    5.436
   2.124, 1889984.000,   99.800,   -9.690,    0.000, 3976.000,    2.162
   2.129, 1893960.000,   99.800,   -9.360,    0.000, 3976.000,    5.375
   2.133, 1897936.000,   99.800,   -9.100,    0.000, 3976.000,    3.966
   2.140, 1902940.000,   99.800,   -8.830,    0.000, 5004.000,    7.057
   2.144, 1907936.000,   99.800,   -8.370,   -0.000, 4996.000,    4.029
   2.150, 1912940.000,   99.800,   -8.040,   -0.000, 5004.000,    5.648
   2.157, 1917936.000,   99.800,   -7.580,   -0.000, 4996.000,    6.857
   2.162, 1921924.000,   99.800,   -7.250,   -0.000, 3988.000,    5.414
   2.165, 1925888.000,   99.800,   -6.720,   -0.000, 3964.000,    3.083
   2.170, 1929884.000,   99.800,   -6.260,   -0.000, 3996.000,    4.220
   2.173, 1933840.000,   99.800,   -5.730,    8.000, 3956.000,    3.795
   2.180, 1937836.000,   99.800,   -5.270,    0.000, 3996.000,    6.764
   2.187, 1942816.000,   99.800,   -4.680,    0.000, 4980.000,    6.323
   2.191, 1947820.000,   99.800,   -4.220,    0.000, 5004.000,    4.056
   2.195, 1952816.000,   99.800,   -3.630,    0.000, 4996.000,    4.013
   2.198, 1956792.000,   99.800,   -3.100,    0.000, 3976.000,    3.505
   2.225, 1977696.000,   99.800,    0.000,    0.000, 5000.000,   27.337
   2.240, 1992696.000,   99.800,    1.850,    0.000, 5000.000,   14.784
   2.245, 1996676.000,   99.800,    2.440,    0.000, 3980.000,    4.365
   2.248, 2000648.000,   99.800,    3.030,    0.000, 3972.000,    3.030
   2.256, 2004624.000,   99.800,    3.690,    0.000, 3976.000,    8.291
   2.260, 2008600.000,   99.800,    4.220,    0.000, 3976.000,    3.803
   2.265, 2012576.000,   99.800,    4.880,    0.000, 3976.000,    4.783
   2.268, 2017576.000,   99.800,    5.540,    0.000, 5000.000,    3.827
   2.276, 2022576.000,   99.800,    5.930,    0.000, 5000.000,    7.194
   2.279, 2027576.000,   99.800,    6.590,    0.000, 5000.000,    3.929
   2.285, 2031552.000,   99.800,    7.120,    0.000, 3976.000,    5.408
   2.289, 2035528.000,   99.800,    7.650,    0.000, 3976.000,    3.861
   2.294, 2039504.000,   99.800,    8.170,    0.000, 3976.000,    5.065
   2.302, 2043480.000,   99.800,    8.700,    0.000, 3976.000,    8.086
   2.305, 2047456.000,   99.800,    9.100,    0.000, 3976.000,    2.774
   2.310, 2052456.000,   99.800,    9.560,    0.000, 5000.000,    5.111
   2.314, 2057456.000,   99.800,   10.020,    0.000, 5000.000,    4.203
   2.322, 2062456.000,   99.800,   10.420,    0.000, 5000.000,    8.448
   2.325, 2067456.000,   99.800,   10.810,   -0.000, 5000.000,    2.449
   2.330, 2071432.000,   99.800,   11.140,   -0.000, 3976.000,    5.354
   2.333, 2075408.000,   99.800,   11.600,   -0.000, 3976.000,    3.103
   2.339, 2079384.000,   99.800,   11.870,    8.000, 3976.000,    5.547
   2.346, 2083360.000,   99.800,   12.130,   20.000, 3976.000,    6.962
   2.352, 2087352.000,   99.800,   12.390,   20.000, 3992.000,    6.064
   2.354, 2091312.000,   99.800,   12.660,   20.000, 3960.000,    2.412
   2.358, 2096312.000,   99.800,   12.790,   20.000, 5000.000,    4.135
   2.366, 2101312.000,   99.800,   13.050,   20.000, 5000.000,    7.821
   2.370, 2105288.000,   99.800,   13.180,    0.000, 3976.000,    3.555
   2.375, 2109264.000,   99.800,   13.320,    0.000, 3976.000,    4.914
   2.379, 2113240.000,   99.800,   13.450,    0.000, 3976.000,    3.850
   2.384, 2117216.000,   99.800,   13.580,    0.000, 3976.000,    5.048
   2.391, 2121192.000,   99.800,   13.580,    0.000, 3976.000,    7.467
   2.395, 2125172.000,   99.800,   13.710,    0.000, 3980.000,    3.832
   2.399, 2130168.000,   99.800,   13.710,    0.000, 4996.000,    3.823
   2.403, 2135168.000,   99.800,   13.710,    0.000, 5000.000,    3.837
   2.412, 2140168.000,   99.800,   13.710,    0.000, 5000.000,    9.615
   2.417, 2144144.000,   99.800,   13.580,   -0.000, 3976.000,    4.532
   2.419, 2148120.000,   99.800,   13.510,   -0.000, 3976.000,    2.567
   2.423, 2152096.000,   99.800,   13.450,   -0.000, 3976.000,    3.873
   2.428, 2156072.000,   99.800,   13.320,    8.000, 3976.000,    4.682
   2.445, 2170048.000,   99.800,   12.790,    0.000, 5000.000,   17.387
   2.461, 2183000.000,   99.800,   12.000,    0.000, 3976.000,   15.951
   2.486, 2203904.000,   99.800,   10.350,    0.000, 5000.000,   24.342
   2.500, 2217880.000,   99.800,    9.030,    0.000, 3976.000,   14.538
   2.506, 2221856.000,   99.800,    8.700,    0.000, 3976.000,    5.953
   2.510, 2225832.000,   99.800,    8.170,    0.000, 3976.000,    3.925
   2.515, 2229808.000,   99.800,    7.650,   -0.000, 3976.000,    4.910
   2.518, 2233784.000,   99.800,    7.120,   -0.000, 3976.000,    3.593
   2.526, 2238784.000,   99.800,    6.660,    8.000, 5000.000,    7.646
   2.530, 2243784.000,   99.800,    6.130,   20.000, 5000.000,    4.158
   2.535, 2248784.000,   99.800,    5.600,   20.000, 5000.000,    4.418
   2.539, 2252760.000,   99.800,    5.010,   20.000, 3976.000,    4.023
   2.543, 2256736.000,   99.800,    4.480,    0.000, 3976.000,    3.940
   2.552, 2260712.000,   99.800,    3.960,    0.000, 3976.000,    8.999
   2.555, 2264688.000,   99.800,    3.430,    0.000, 3976.000,    3.088
   2.559, 2268664.000,   99.800,    2.770,    0.000, 3976.000,    4.045
   2.563, 2273672.000,   99.800,    2.370,    0.000, 5008.000,    4.065
   2.568, 2278668.000,   99.800,    1.710,    0.000, 4996.000,    4.994
   2.576, 2283664.000,   99.800,    1.190,    0.000, 4996.000,    8.488
   2.580, 2288664.000,   99.800,    0.590,    0.000, 5000.000,    3.703
   2.584, 2292640.000,   99.800,    0.130,    0.000, 3976.000,    3.772
   2.587, 2296628.000,   99.800,   -0.460,    0.000, 3988.000,    3.450
   2.596, 2300592.000,   99.800,   -0.990,    0.000, 3964.000,    9.171
   2.600, 2304584.000,   99.800,   -1.520,   -0.000, 3992.000,    3.384
   2.605, 2308544.000,   99.800,   -1.980,   -0.000, 3960.000,    5.005
   2.608, 2313544.000,   99.800,   -2.500,   -0.000, 5000.000,    3.541
   2.612, 2318544.000,   99.800,   -3.030,    8.000, 5000.000,    3.921
   2.619, 2323544.000,   99.800,   -3.560,   20.000, 5000.000,    7.110
   2.624, 2328544.000,   99.800,   -3.890,   20.000, 5000.000,    4.173
   2.629, 2332520.000,   99.800,   -4.420,   20.000, 3976.000,    5.890
   2.633, 2336496.000,   99.900,   -4.750,   20.000, 3976.000,    3.892
   2.642, 2340472.000,   99.800,   -5.210,   20.000, 3976.000,    8.635
   2.646, 2344448.000,   99.800,   -5.540,   20.000, 3976.000,    4.198
   2.650, 2348424.000,   99.800,   -6.000,   20.000, 3976.000,    4.015
   2.655, 2353428.000,   99.800,   -6.260,   20.000, 5004.000,    4.374
   2.657, 2358424.000,   99.800,   -6.530,   20.000, 4996.000,    1.978
   2.665, 2363432.000,   99.800,   -6.720,    0.000, 5008.000,    7.970
   2.670, 2367400.000,   99.800,   -6.990,    0.000, 3968.000,    5.592
   2.675, 2371376.000,   99.800,   -7.120,    0.000, 3976.000,    4.588
   2.678, 2375352.000,   99.800,   -7.250,    0.000, 3976.000,    3.780
   2.686, 2379328.000,   99.800,   -7.320,    0.000, 3976.000,    7.386
   2.690, 2383304.000,   99.800,   -7.380,    0.000, 3976.000,    3.794
   2.694, 2388304.000,   99.800,   -7.380,    0.000, 5000.000,    4.267
   2.699, 2393304.000,   99.800,   -7.380,    0.000, 5000.000,    5.017
   2.702, 2398304.000,   99.800,   -7.380,    0.000, 5000.000,    2.728
   2.710, 2403304.000,   99.800,   -7.320,   -0.000, 5000.000,    8.338
   2.715, 2407280.000,   99.800,   -7.250,   -0.000, 3976.000,    4.546
   2.718, 2411256.000,   99.800,   -7.120,   -0.000, 3976.000,    3.819
   2.723, 2415232.000,   99.800,   -6.990,    8.000, 3976.000,    4.234
   2.732, 2419208.000,   99.800,   -6.790,   20.000, 3976.000,    9.216
   2.735, 2423188.000,   99.800,   -6.590,   20.000, 3980.000,    3.387
   2.739, 2428184.000,   99.800,   -6.260,   20.000, 4996.000,    4.102
   2.743, 2433184.000,   99.800,   -6.000,   20.000, 5000.000,    3.989
   2.747, 2438184.000,   99.800,   -5.730,    0.000, 5000.000,    3.622
   2.756, 2442160.000,   99.800,   -5.470,    0.000, 3976.000,    9.275
   2.760, 2446136.000,   99.800,   -5.010,    0.000, 3976.000,    3.906
   2.765, 2450112.000,   99.800,   -4.680,    0.000, 3976.000,    4.556
   2.768, 2454088.000,   99.800,   -4.220,    0.000, 3976.000,    3.847
   2.772, 2458064.000,   99.800,   -3.820,    0.000, 3976.000,    3.964
   2.780, 2463064.000,   99.800,   -3.300,   -0.000, 5000.000,    7.176
   2.784, 2468064.000,   99.800,   -2.830,   -0.000, 5000.000,    4.359
   2.788, 2473064.000,   99.800,   -2.310,   -0.000, 5000.000,    3.653
   2.792, 2478064.000,   99.800,   -1.850,   -0.000, 5000.000,    3.988
   2.800, 2482040.000,   99.800,   -1.250,   -0.000, 3976.000,    8.329
   2.805, 2486016.000,   99.800,   -0.730,   -0.000, 3976.000,    4.641
   2.809, 2489992.000,   99.800,   -0.130,   -0.000, 3976.000,    3.941
   2.813, 2493968.000,   99.800,    0.400,   -0.000, 3976.000,    4.180
   2.818, 2497944.000,   99.800,    1.050,   -0.000, 3976.000,    5.675
   2.825, 2502944.000,   99.800,    1.580,   -0.000, 5000.000,    6.384
   2.830, 2507944.000,   99.800,    2.180,   -0.000, 5000.000,    5.071
   2.834, 2512944.000,   99.800,    2.770,   -0.000, 5000.000,    3.974
   2.838, 2516920.000,   99.800,    3.430,   -0.000, 3976.000,    3.932
   2.847, 2520896.000,   99.800,    3.960,   -0.000, 3976.000,    9.580
   2.849, 2524872.000,   99.800,    4.550,   -0.000, 3976.000,    2.016
   2.854, 2528848.000,   99.800,    5.080,   -0.000, 3976.000,    4.144
   2.859, 2532824.000,   99.800,    5.800,   -0.000, 3976.000,    5.358
   2.863, 2537824.000,   99.800,    6.330,   -0.000, 5000.000,    4.357
   2.870, 2542824.000,   99.800,    6.920,   -0.000, 5000.000,    6.743
   2.876, 2547824.000,   99.800,    7.450,   -0.000, 5000.000,    6.246
   2.879, 2552824.000,   99.800,    7.980,   -0.000, 5000.000,    2.775
   2.883, 2556808.000,   99.800,    8.500,   -0.000, 3984.000,    3.715
   2.888, 2560776.000,   99.800,    9.030,    8.000, 3968.000,    5.214
   2.895, 2564752.000,   99.800,    9.490,    0.000, 3976.000,    7.359
   2.900, 2568728.000,   99.800,   10.020,    0.000, 3976.000,    4.425
   2.916, 2582704.000,   99.800,   11.340,    0.000, 5000.000,   15.866
   2.936, 2599632.000,   99.800,   12.790,    0.000, 3976.000,   20.026
   2.950, 2611560.000,   99.800,   13.710,    0.000, 3968.000,   14.753
   2.953, 2616560.000,   99.800,   13.840,    8.000, 5000.000,    2.739
   2.961, 2621568.000,   99.800,   14.040,    8.000, 5008.000,    7.724
   2.965, 2626560.000,   99.800,   14.240,    8.000, 4992.000,    3.877
   2.970, 2630536.000,   99.800,   14.370,    0.000, 3976.000,    4.959
   2.980, 2638488.000,   99.800,   14.570,    0.000, 3968.000,   10.698
   2.995, 2651440.000,   99.800,   14.630,    0.000, 5000.000,   15.053
   3.011, 2665416.000,   99.800,   14.370,    0.000, 3976.000,   15.790
   3.035, 2685296.000,   99.800,   13.510,    8.000, 3976.000,   24.278
   3.055, 2704272.000,   99.800,   12.260,    0.000, 3976.000,   19.815
   3.071, 2716204.000,   99.800,   11.140,    0.000, 3980.000,   15.697
   3.095, 2739152.000,   99.800,    8.830,    8.000, 3976.000,   24.503
   3.115, 2755056.000,   99.800,    6.860,    8.000, 3976.000,   19.974
   3.135, 2775056.000,   99.800,    4.610,    0.000, 5000.000,   19.836
   3.150, 2786984.000,   99.800,    3.030,    0.000, 3976.000,   14.869
   3.153, 2790960.000,   99.800,    2.500,    0.000, 3976.000,    2.781
   3.158, 2794936.000,   99.800,    1.910,    0.000, 3976.000,    4.969
   3.165, 2799936.000,   99.800,    1.450,    0.000, 5000.000,    6.603
   3.168, 2804936.000,   99.800,    0.860,    8.000, 5000.000,    3.805
   3.172, 2809936.000,   99.800,    0.400,   20.000, 5000.000,    4.139
   3.178, 2813920.000,   99.800,   -0.200,   20.000, 3984.000,    5.224
   3.181, 2817888.000,   99.900,   -0.660,   20.000, 3968.000,    3.784
   3.189, 2821864.000,   99.800,   -1.190,   20.000, 3976.000,    7.458
   3.193, 2825840.000,   99.900,   -1.580,   20.000, 3976.000,    4.047
   3.199, 2829820.000,   99.800,   -2.040,   20.000, 3980.000,    5.676
   3.203, 2833792.000,   99.800,   -2.500,   20.000, 3972.000,    4.008
   3.210, 2838792.000,   99.800,   -2.900,   20.000, 5000.000,    7.256
   3.215, 2843800.000,   99.800,   -3.300,   20.000, 5008.000,    4.781
   3.218, 2848792.000,   99.800,   -3.630,   20.000, 4992.000,    2.937
   3.222, 2852768.000,   99.800,   -3.960,   20.000, 3976.000,    4.551
   3.227, 2856744.000,   99.800,   -4.220,   20.000, 3976.000,    4.487
   3.235, 2860720.000,   99.800,   -4.420,    0.000, 3976.000,    7.975
   3.240, 2864700.000,   99.800,   -4.680,    0.000, 3980.000,    5.139
   3.244, 2868672.000,   99.800,   -4.880,    0.000, 3972.000,    3.882
   3.247, 2873680.000,   99.800,   -4.940,    0.000, 5008.000,    3.581
   3.255, 2878680.000,   99.800,   -5.010,    0.000, 5000.000,    7.541
   3.259, 2883672.000,   99.800,   -5.140,    8.000, 4992.000,    3.996
   3.263, 2888672.000,   99.800,   -5.140,   20.000, 5000.000,    4.153
   3.268, 2892648.000,   99.800,   -5.140,   20.000, 3976.000,    4.911
   3.272, 2896624.000,   99.800,   -5.010,    0.000, 3976.000,    3.904
   3.280, 2900600.000,   99.800,   -4.940,    0.000, 3976.000,    8.098
   3.284, 2904576.000,   99.800,   -4.880,    0.000, 3976.000,    4.524
   3.288, 2908560.000,   99.800,   -4.680,    0.000, 3984.000,    4.013
   3.292, 2913552.000,   99.800,   -4.480,    0.000, 4992.000,    4.103
   3.296, 2918552.000,   99.800,   -4.350,    0.000, 5000.000,    3.498
   3.305, 2923552.000,   99.800,   -4.090,    0.000, 5000.000,    9.026
   3.308, 2927540.000,   99.800,   -3.820,    0.000, 3988.000,    3.333
   3.313, 2931504.000,   99.800,   -3.560,    0.000, 3964.000,    4.168
   3.317, 2935488.000,   99.800,   -3.160,    0.000, 3984.000,    4.102
   3.336, 2947408.000,   99.900,   -2.040,   20.000, 3972.000,   18.924
   3.351, 2962408.000,   99.800,   -0.920,   20.000, 5000.000,   15.005
   3.355, 2966384.000,   99.800,   -0.400,   20.000, 3976.000,    4.348
   3.358, 2970360.000,   99.800,    0.130,   20.000, 3976.000,    3.125
   3.362, 2974336.000,   99.800,    0.660,   20.000, 3976.000,    4.023
   3.369, 2978312.000,   99.800,    1.190,    0.000, 3976.000,    7.366
   3.375, 2982288.000,   99.800,    1.850,    0.000, 3976.000,    5.433
   3.379, 2987288.000,   99.800,    2.370,   -0.000, 5000.000,    4.109
   3.383, 2992288.000,   99.800,    3.030,   -0.000, 5000.000,    3.948
   3.386, 2997288.000,   99.800,    3.560,   -0.000, 5000.000,    3.424
   3.395, 3001264.000,   99.800,    4.280,    8.000, 3976.000,    8.845
   3.399, 3005240.000,   99.710,    4.880,   20.000, 3976.000,    3.874
   3.403, 3009220.000,   99.800,    5.600,   20.000, 3980.000,    3.738
   3.408, 3013196.000,   99.800,    6.200,   20.000, 3976.000,    5.032
   3.411, 3017172.000,   99.800,    6.990,    0.000, 3976.000,    2.827
   3.419, 3022168.000,   99.800,    7.650,    0.000, 4996.000,    8.153
   3.422, 3027168.000,   99.800,    8.440,    0.000, 5000.000,    3.583
   3.429, 3032168.000,   99.800,    9.100,    0.000, 5000.000,    6.496
   3.445, 3045124.000,   99.800,   11.210,    0.000, 3980.000,   16.283
   3.461, 3057048.000,   99.800,   13.320,    0.000, 3976.000,   15.945
   3.476, 3076024.000,   99.800,   15.890,   -0.000, 3976.000,   15.031
   3.484, 3080000.000,   99.800,   16.410,   -0.000, 3976.000,    8.334
   3.488, 3083976.000,   99.800,   17.010,   -0.000, 3976.000,    3.386
   3.492, 3087952.000,   99.800,   17.470,   -0.000, 3976.000,    4.013
   3.496, 3091928.000,   99.800,   18.060,   -0.000, 3976.000,    4.459
   3.500, 3095904.000,   99.800,   18.460,    8.000, 3976.000,    4.082
   3.510, 3100904.000,   99.800,   18.850,   20.000, 5000.000,    9.164
   3.513, 3105904.000,   99.800,   19.310,   20.000, 5000.000,    3.918
   3.518, 3110904.000,   99.800,   19.640,   20.000, 5000.000,    4.126
   3.521, 3114880.000,   99.800,   19.910,   20.000, 3976.000,    2.903
   3.530, 3118856.000,   99.800,   20.300,    0.000, 3976.000,    9.401
   3.534, 3122832.000,   99.800,   20.570,    0.000, 3976.000,    3.925
   3.537, 3126808.000,   99.800,   20.830,    0.000, 3976.000,    3.578
   3.542, 3130784.000,   99.800,   21.090,    0.000, 3976.000,    4.481
   3.546, 3135784.000,   99.800,   21.230,    8.000, 5000.000,    4.492
   3.555, 3140784.000,   99.800,   21.420,   20.000, 5000.000,    8.613
   3.559, 3145784.000,   99.800,   21.490,   20.000, 5000.000,    3.898
   3.563, 3149760.000,   99.800,   21.620,   20.000, 3976.000,    4.434
   3.566, 3153740.000,   99.800,   21.690,   20.000, 3980.000,    2.646
   3.574, 3157712.000,   99.800,   21.750,    0.000, 3972.000,    8.509
   3.578, 3161688.000,   99.800,   21.750,    0.000, 3976.000,    3.990
   3.585, 3165664.000,   99.800,   21.750,    0.000, 3976.000,    6.293
   3.588, 3170664.000,   99.800,   21.690,    0.000, 5000.000,    3.226
   3.592, 3175664.000,   99.800,   21.690,    0.000, 5000.000,    4.048
   3.599, 3180664.000,   99.800,   21.490,    0.000, 5000.000,    6.515
   3.605, 3185664.000,   99.800,   21.420,    0.000, 5000.000,    6.269
   3.608, 3189640.000,   99.800,   21.230,   -0.000, 3976.000,    2.797
   3.612, 3193624.000,   99.800,   21.090,   -0.000, 3984.000,    3.912
   3.620, 3197592.000,   99.800,   20.830,   -0.000, 3968.000,    8.425
   3.623, 3201568.000,   99.900,   20.570,    8.000, 3976.000,    3.257
   3.629, 3205544.000,   99.800,   20.300,   20.000, 3976.000,    5.861
   3.632, 3209520.000,   99.800,   20.040,   20.000, 3976.000,    2.606
   3.636, 3214520.000,   99.800,   19.640,    0.000, 5000.000,    4.356
   3.644, 3219520.000,   99.800,   19.310,    0.000, 5000.000,    7.872
   3.649, 3223496.000,   99.800,   18.850,    0.000, 3976.000,    4.678
   3.652, 3227472.000,   99.800,   18.460,    0.000, 3976.000,    3.765
   3.657, 3231448.000,   99.800,   18.060,    0.000, 3976.000,    4.496
   3.661, 3235424.000,   99.800,   17.530,    0.000, 3976.000,    3.955
   3.668, 3239404.000,   99.800,   17.140,    0.000, 3980.000,    7.553
   3.672, 3243376.000,   99.800,   16.610,    0.000, 3972.000,    3.964
   3.677, 3248376.000,   99.800,   16.150,    0.000, 5000.000,    4.705
   3.681, 3253376.000,   99.800,   15.560,    0.000, 5000.000,    3.794
   3.690, 3258376.000,   99.800,   15.030,    0.000, 5000.000,    9.491
   3.694, 3262352.000,   99.800,   14.370,    0.000, 3976.000,    4.092
   3.698, 3266328.000,   99.800,   13.780,    0.000, 3976.000,    3.109
   3.702, 3270304.000,   99.800,   13.050,    0.000, 3976.000,    4.006
   3.706, 3274280.000,   99.800,   12.460,    0.000, 3976.000,    4.569
   3.715, 3278256.000,   99.800,   11.730,    8.000, 3976.000,    8.578
   3.719, 3283256.000,   99.800,   11.140,   20.000, 5000.000,    3.906
   3.722, 3288256.000,   99.800,   10.420,   20.000, 5000.000,    3.421
   3.727, 3293256.000,   99.800,    9.760,   20.000, 5000.000,    4.669
   3.735, 3297232.000,   99.800,    9.030,    0.000, 3976.000,    7.918
   3.740, 3301212.000,   99.800,    8.240,    0.000, 3980.000,    4.941
   3.744, 3305184.000,   99.800,    7.510,    0.000, 3972.000,    4.255
   3.748, 3309160.000,   99.800,    6.860,    0.000, 3976.000,    3.897
   3.752, 3313136.000,   99.800,    6.060,    0.000, 3976.000,    3.917
   3.760, 3318136.000,   99.800,    5.410,    0.000, 5000.000,    8.668
   3.765, 3323136.000,   99.800,    4.610,   -0.000, 5000.000,    4.450
   3.767, 3328136.000,   99.800,    3.960,   -0.000, 5000.000,    2.312
   3.771, 3333136.000,   99.800,    3.160,   -0.000, 5000.000,    3.644
   3.775, 3337112.000,   99.800,    2.500,    8.000, 3976.000,    4.113
   3.784, 3341088.000,   99.800,    1.710,    0.000, 3976.000,    9.173
   3.788, 3345064.000,   99.800,    1.120,    0.000, 3976.000,    3.923
   3.792, 3349040.000,   99.800,    0.330,    0.000, 3976.000,    3.916
   3.797, 3353016.000,   99.800,   -0.260,    0.000, 3976.000,    5.518
   3.803, 3358016.000,   99.800,   -0.990,    0.000, 5000.000,    6.046
   3.809, 3363016.000,   99.800,   -1.580,    0.000, 5000.000,    5.615
   3.813, 3368016.000,   99.800,   -2.310,    0.000, 5000.000,    3.802
   3.816, 3371992.000,   99.800,   -2.900,    0.000, 3976.000,    3.696
   3.821, 3375968.000,   99.800,   -3.560,    0.000, 3976.000,    4.335
   3.828, 3379944.000,   99.800,   -4.090,    0.000, 3976.000,    7.523
   3.832, 3383924.000,   99.800,   -4.680,    0.000, 3980.000,    4.098
   3.837, 3387896.000,   99.800,   -5.210,    0.000, 3972.000,    4.620
   3.841, 3391872.000,   99.800,   -5.730,    0.000, 3976.000,    3.745
   3.849, 3396872.000,   99.800,   -6.260,    0.000, 5000.000,    8.206
   3.854, 3401872.000,   99.800,   -6.790,    0.000, 5000.000,    4.840
   3.858, 3406872.000,   99.800,   -7.250,    0.000, 5000.000,    4.182
   3.862, 3410848.000,   99.800,   -7.650,    0.000, 3976.000,    4.021
   3.866, 3414828.000,   99.800,   -8.110,    0.000, 3980.000,    4.443
   3.874, 3418800.000,   99.800,   -8.440,   -0.000, 3972.000,    7.928
   3.877, 3422776.000,   99.800,   -8.830,   -0.000, 3976.000,    2.970
   3.883, 3426752.000,   99.800,   -9.230,   -0.000, 3976.000,    6.126
   3.887, 3431752.000,   99.800,   -9.490,   -0.000, 5000.000,    3.362
   3.894, 3436752.000,   99.800,   -9.760,    8.000, 5000.000,    7.544
   3.898, 3441764.000,   99.800,  -10.020,   20.000, 5012.000,    3.200
   3.903, 3445728.000,   99.800,  -10.280,   20.000, 3964.000,    5.048
   3.908, 3449704.000,   99.800,  -10.480,   20.000, 3976.000,    4.995
   3.914, 3453680.000,   99.800,  -10.680,    0.000, 3976.000,    6.166
   3.918, 3457656.000,   99.800,  -10.740,    0.000, 3976.000,    4.189
   3.922, 3461632.000,   99.800,  -10.940,    0.000, 3976.000,    4.328
   3.927, 3465608.000,   99.800,  -10.940,    0.000, 3976.000,    4.450
   3.931, 3470608.000,   99.800,  -11.010,    0.000, 5000.000,    4.143
   3.941, 3475608.000,   99.800,  -11.010,    0.000, 5000.000,    9.777
   3.945, 3480608.000,   99.800,  -10.940,    0.000, 5000.000,    4.114
   3.947, 3484584.000,   99.800,  -10.810,    0.000, 3976.000,    2.248
   3.953, 3488560.000,   99.800,  -10.740,    0.000, 3976.000,    5.853
   3.956, 3492536.000,   99.800,  -10.680,    0.000, 3976.000,    3.052
   3.964, 3496512.000,   99.800,  -10.480,    0.000, 3976.000,    8.068
   3.968, 3500488.000,   99.800,  -10.280,   -0.000, 3976.000,    4.109
   3.972, 3505488.000,   99.800,  -10.020,   -0.000, 5000.000,    4.016
   3.977, 3510488.000,   99.800,   -9.890,   -0.000, 5000.000,    4.675
   3.981, 3515488.000,   99.800,   -9.490,    8.000, 5000.000,    3.790
   3.988, 3520488.000,   99.800,   -9.230,   20.000, 5000.000,    7.175
   3.992, 3524464.000,   99.800,   -8.900,   20.000, 3976.000,    3.892
   3.996, 3528448.000,   99.800,   -8.570,   20.000, 3984.000,    4.366
   4.000, 3532416.000,   99.800,   -8.170,   20.000, 3968.000,    3.941
   4.009, 3536396.000,   99.800,   -7.780,   20.000, 3980.000,    8.816
   4.013, 3540368.000,   99.800,   -7.320,   20.000, 3972.000,    3.735
   4.018, 3545368.000,   99.800,   -6.790,   20.000, 5000.000,    5.589
   4.021, 3550368.000,   99.800,   -6.330,   20.000, 5000.000,    3.003
   4.024, 3555368.000,   99.800,   -5.730,    0.000, 5000.000,    3.336
   4.037, 3559344.000,   99.800,   -5.210,    0.000, 3976.000,   12.049
   4.039, 3563320.000,   99.800,   -4.610,    0.000, 3976.000,    2.424
   4.042, 3567296.000,   99.800,   -3.960,    0.000, 3976.000,    3.004
   4.047, 3571272.000,   99.800,   -3.300,    0.000, 3976.000,    4.589
   4.054, 3575256.000,   99.800,   -2.640,    0.000, 3984.000,    7.045
   4.058, 3580248.000,   99.800,   -1.850,    0.000, 4992.000,    4.432
   4.062, 3585248.000,   99.800,   -1.250,   -0.000, 5000.000,    3.866
   4.066, 3590248.000,   99.800,   -0.460,   -0.000, 5000.000,    4.210
   4.072, 3595248.000,   99.800,    0.260,    8.000, 5000.000,    6.011
   4.079, 3599240.000,   99.800,    1.050,   20.000, 3992.000,    6.633
   4.083, 3603208.000,   99.900,    1.710,   20.000, 3968.000,    4.020
   4.102, 3615132.000,   99.800,    4.220,    0.000, 3980.000,   19.610
   4.118, 3634104.000,   99.800,    7.510,    0.000, 3976.000,   15.229
   4.125, 3638080.000,   99.800,    8.310,    0.000, 3976.000,    7.029
   4.131, 3642056.000,   99.800,    9.100,    0.000, 3976.000,    6.024
   4.133, 3646032.000,   99.800,   10.020,    0.000, 3976.000,    1.946
   4.136, 3650008.000,   99.800,   10.680,    0.000, 3976.000,    3.480
   4.145, 3653984.000,   99.800,   11.600,    0.000, 3976.000,    8.705
   4.149, 3658984.000,   99.800,   12.260,    0.000, 5000.000,    3.828
   4.165, 3672960.000,   99.800,   14.570,    0.000, 3968.000,   16.504
   4.182, 3688864.000,   99.800,   17.140,   20.000, 3976.000,   17.055
   4.206, 3711816.000,   99.800,   19.780,   20.000, 3976.000,   23.966
   4.220, 3719776.000,   99.800,   20.630,   20.000, 3984.000,   13.974
   4.240, 3737728.000,   99.800,   22.210,   20.000, 5008.000,   20.148
   4.266, 3758624.000,   99.800,   23.730,   20.000, 3976.000,   26.181
   4.282, 3771576.000,   99.800,   24.390,   20.000, 5000.000,   15.953
   4.297, 3788504.000,   99.800,   25.110,   20.000, 3976.000,   14.668
   4.315, 3800448.000,   99.800,   25.580,   20.000, 3992.000,   18.370
   4.336, 3819408.000,   99.800,   25.910,   20.000, 3976.000,   20.913
   4.351, 3831336.000,   99.800,   26.170,   20.000, 3976.000,   15.011
   4.353, 3835312.000,   99.800,   26.170,   20.000, 3976.000,    1.836
   4.358, 3839288.000,   99.800,   26.240,   20.000, 3976.000,    4.536
   4.362, 3844296.000,   99.800,   26.240,   20.000, 5008.000,    4.074
   4.366, 3849288.000,   99.800,   26.240,   20.000, 4992.000,    4.247
   4.374, 3853264.000,   99.800,   26.370,    0.000, 3976.000,    7.859
   4.377, 3857240.000,   99.800,   26.370,    0.000, 3976.000,    3.443
   4.382, 3861220.000,   99.800,   26.370,    0.000, 3980.000,    4.479
   4.387, 3865192.000,   99.800,   26.240,    0.000, 3972.000,    5.072
   4.389, 3869172.000,   99.800,   26.240,    0.000, 3980.000,    1.971
   4.398, 3873144.000,   99.800,   26.170,    0.000, 3972.000,    9.331
   4.402, 3878144.000,   99.800,   26.170,    0.000, 5000.000,    3.937
   4.407, 3883144.000,   99.800,   26.100,    0.000, 5000.000,    4.581
   4.411, 3888144.000,   99.800,   25.910,    0.000, 5000.000,    3.872
   4.419, 3892124.000,   99.800,   25.710,    8.000, 3980.000,    8.049
   4.423, 3896096.000,   99.800,   25.580,   20.000, 3972.000,    4.664
   4.427, 3900072.000,   99.800,   25.380,   20.000, 3976.000,    3.395
   4.431, 3904048.000,   99.800,   25.110,   20.000, 3976.000,    3.834
   4.435, 3908024.000,   99.800,   24.850,   20.000, 3976.000,    4.146
   4.444, 3912000.000,   99.800,   24.590,    0.000, 3976.000,    9.342
   4.449, 3917000.000,   99.800,   24.320,    0.000, 5000.000,    4.530
   4.452, 3922000.000,   99.800,   23.990,    0.000, 5000.000,    3.613
   4.455, 3925976.000,   99.800,   23.600,    0.000, 3976.000,    2.356
   4.476, 3937904.000,   99.800,   22.410,   20.000, 3976.000,   21.151
   4.491, 3950856.000,   99.800,   21.090,   20.000, 5000.000,   15.184
   4.493, 3955856.000,   99.800,   20.570,    0.000, 5000.000,    1.965
   4.496, 3960856.000,   99.800,   20.040,    0.000, 5000.000,    3.011
   4.500, 3964832.000,   99.800,   19.580,    0.000, 3976.000,    4.550
   4.515, 3972784.000,   99.800,   18.460,    0.000, 3972.000,   14.899
   4.531, 3985736.000,   99.800,   16.680,    0.000, 5000.000,   15.859
   4.534, 3990736.000,   99.800,   16.080,    0.000, 5000.000,    2.395
   4.537, 3995740.000,   99.800,   15.420,    0.000, 5004.000,    3.451
   4.541, 4000736.000,   99.800,   14.830,    0.000, 4996.000,    4.018
   4.545, 4004712.000,   99.800,   14.110,    0.000, 3976.000,    3.675
   4.551, 4008688.000,   99.800,   13.450,    0.000, 3976.000,    6.140
   4.558, 4012664.000,   99.800,   12.720,    0.000, 3976.000,    6.707
   4.562, 4016640.000,   99.800,   12.000,    0.000, 3976.000,    4.196
   4.566, 4020616.000,   99.800,   11.210,    0.000, 3976.000,    3.928
   4.570, 4025616.000,   99.800,   10.610,    0.000, 5000.000,    4.002
   4.579, 4030616.000,   99.800,    9.820,    0.000, 5000.000,    9.457
   4.583, 4035616.000,   99.800,    9.100,    0.000, 5000.000,    3.990
   4.587, 4039592.000,   99.800,    8.310,    0.000, 3976.000,    3.536
   4.591, 4043568.000,   99.800,    7.650,    0.000, 3976.000,    4.021
   4.595, 4047544.000,   99.800,    6.860,    0.000, 3976.000,    3.906
   4.602, 4051520.000,   99.800,    6.060,    8.000, 3976.000,    7.596
   4.607, 4055496.000,   99.800,    5.270,   20.000, 3976.000,    4.451
   4.611, 4059472.000,   99.800,    4.480,   20.000, 3976.000,    3.994
   4.615, 4064472.000,   99.800,    3.690,   20.000, 5000.000,    4.183
   4.623, 4069472.000,   99.800,    2.970,   20.000, 5000.000,    8.505
   4.629, 4074472.000,   99.800,    2.180,   20.000, 5000.000,    5.748
   4.631, 4078448.000,   99.800,    1.450,   20.000, 3976.000,    1.895
   4.636, 4082424.000,   99.800,    0.660,   20.000, 3976.000,    4.923
   4.640, 4086400.000,   99.900,    0.070,   20.000, 3976.000,    3.923
   4.647, 4090380.000,   99.800,   -0.730,    0.000, 3980.000,    7.497
   4.651, 4094352.000,   99.800,   -1.250,    0.000, 3972.000,    3.979
   4.657, 4099352.000,   99.800,   -1.980,    0.000, 5000.000,    5.727
   4.661, 4104352.000,   99.800,   -2.500,    0.000, 5000.000,    3.828
   4.665, 4109352.000,   99.800,   -3.100,    0.000, 5000.000,    4.330
   4.672, 4113328.000,   99.800,   -3.630,    0.000, 3976.000,    6.674
   4.676, 4117304.000,   99.800,   -4.150,    0.000, 3976.000,    4.381
   4.680, 4121280.000,   99.800,   -4.610,    0.000, 3976.000,    3.869
   4.685, 4125256.000,   99.800,   -5.010,    0.000, 3976.000,    4.437
   4.693, 4129232.000,   99.800,   -5.470,    0.000, 3976.000,    8.142
   4.698, 4134232.000,   99.800,   -5.930,    0.000, 5000.000,    5.484
   4.702, 4139232.000,   99.800,   -6.200,    0.000, 5000.000,    4.231
   4.705, 4144232.000,   99.800,   -6.590,    0.000, 5000.000,    2.323
   4.709, 4149248.000,   99.800,   -6.860,    0.000, 5016.000,    4.004
   4.718, 4153208.000,   99.800,   -7.120,    0.000, 3960.000,    9.313
   4.721, 4157192.000,   99.800,   -7.380,   -0.000, 3984.000,    3.364
   4.727, 4161160.000,   99.800,   -7.650,   -0.000, 3968.000,    5.478
   4.731, 4165136.000,   99.800,   -7.840,    8.000, 3976.000,    3.825
   4.738, 4169112.000,   99.800,   -8.040,    0.000, 3976.000,    7.335
   4.742, 4174112.000,   99.800,   -8.110,    0.000, 5000.000,    4.103
   4.746, 4179112.000,   99.800,   -8.170,    0.000, 5000.000,    4.386
   4.751, 4184116.000,   99.800,   -8.310,    0.000, 5004.000,    4.131
   4.755, 4188088.000,   99.800,   -8.370,    0.000, 3972.000,    3.992
   4.776, 4203992.000,   99.800,   -8.310,    0.000, 3976.000,   21.060
   4.793, 4218992.000,   99.800,   -7.910,    0.000, 5000.000,   16.863
   4.807, 4231944.000,   99.800,   -7.320,    0.000, 3976.000,   14.849
   4.823, 4243884.000,   99.800,   -6.590,   -0.000, 3988.000,   15.797
   4.828, 4248872.000,   99.800,   -6.330,   -0.000, 4988.000,    4.354
   4.832, 4253872.000,   99.800,   -6.000,   -0.000, 5000.000,    4.004
   4.837, 4258872.000,   99.800,   -5.670,   -0.000, 5000.000,    5.589
   4.841, 4262848.000,   99.800,   -5.410,    8.000, 3976.000,    3.978
   4.845, 4266824.000,   99.800,   -4.940,   20.000, 3976.000,    3.646
   4.853, 4270800.000,   99.900,   -4.610,   20.000, 3976.000,    7.940
   4.858, 4274776.000,   99.800,   -4.150,   20.000, 3976.000,    5.027
   4.862, 4278752.000,   99.800,   -3.820,   20.000, 3976.000,    4.187
   4.865, 4282728.000,   99.900,   -3.360,   20.000, 3976.000,    2.676
   4.874, 4287728.000,   99.800,   -2.900,   20.000, 5000.000,    9.216
   4.878, 4292728.000,   99.800,   -2.370,    0.000, 5000.000,    4.118
   4.882, 4297728.000,   99.800,   -1.980,    0.000, 5000.000,    3.889
   4.886, 4301704.000,   99.800,   -1.450,    0.000, 3976.000,    4.266
   4.890, 4305680.000,   99.800,   -0.920,    0.000, 3976.000,    3.758
   4.898, 4309656.000,   99.800,   -0.260,    8.000, 3976.000,    8.091
   4.902, 4313632.000,   99.900,    0.130,   20.000, 3976.000,    3.952
   4.906, 4317612.000,   99.800,    0.790,   20.000, 3980.000,    4.564
   4.910, 4322608.000,   99.800,    1.380,   20.000, 4996.000,    3.915
   4.914, 4327608.000,   99.800,    1.980,    0.000, 5000.000,    4.085
   4.922, 4332608.000,   99.800,    2.500,    0.000, 5000.000,    7.088
   4.927, 4336584.000,   99.800,    3.230,    0.000, 3976.000,    5.639
   4.932, 4340560.000,   99.800,    3.820,    0.000, 3976.000,    4.701
   4.935, 4344536.000,   99.800,    4.550,    0.000, 3976.000,    2.922
   4.942, 4348512.000,   99.800,    5.080,    0.000, 3976.000,    7.608
   4.947, 4352488.000,   99.800,    5.800,    0.000, 3976.000,    5.040
   4.951, 4357488.000,   99.800,    6.390,    0.000, 5000.000,    3.537
   4.955, 4362488.000,   99.800,    7.120,    0.000, 5000.000,    4.466
   4.963, 4367492.000,   99.800,    7.710,    0.000, 5004.000,    7.331
   4.967, 4372488.000,   99.800,    8.440,    0.000, 4996.000,    4.065
   4.971, 4376464.000,   99.800,    9.030,    0.000, 3976.000,    3.785
   4.976, 4380440.000,   99.800,    9.620,    0.000, 3976.000,    5.636
   4.980, 4384416.000,   99.800,   10.280,    0.000, 3976.000,    4.177
   4.989, 4388392.000,   99.800,   10.810,   -0.000, 3976.000,    8.540
   4.996, 4397368.000,   99.800,   11.930,   -0.000, 5000.000,    6.989
   5.000, 4402368.000,   99.800,   12.520,   -0.000, 5000.000,    4.015
   5.004, 4407372.000,   99.800,   13.050,   -0.000, 5004.000,    3.850
   5.012, 4411344.000,   99.800,   13.580,   -0.000, 3972.000,    8.223
   5.017, 4415320.000,   99.800,   14.040,   -0.000, 3976.000,    5.428
   5.021, 4419296.000,   99.800,   14.500,   -0.000, 3976.000,    3.848
   5.025, 4423272.000,   99.800,   14.900,   -0.000, 3976.000,    3.943
   5.032, 4427248.000,   99.800,   15.290,   -0.000, 3976.000,    7.200
   5.037, 4431224.000,   99.800,   15.620,    8.000, 3976.000,    4.472
   5.041, 4436224.000,   99.800,   15.950,   20.000, 5000.000,    4.265
   5.045, 4441224.000,   99.800,   16.220,   20.000, 5000.000,    3.910
   5.050, 4446228.000,   99.800,   16.610,    0.000, 5004.000,    5.106
   5.057, 4450200.000,   99.800,   16.740,    0.000, 3972.000,    6.610
   5.060, 4454176.000,   99.800,   17.010,    0.000, 3976.000,    3.650
   5.072, 4462128.000,   99.800,   17.400,    0.000, 3972.000,   11.892
   5.091, 4481104.000,   99.800,   17.730,    0.000, 5000.000,   18.363
   5.105, 4489056.000,   99.800,   17.670,    0.000, 3976.000,   14.588
   5.123, 4504960.000,   99.800,   17.200,    0.000, 3976.000,   17.440
   5.144, 4523936.000,   99.800,   16.150,    0.000, 3976.000,   20.739
   5.159, 4539840.000,   99.800,   14.630,    8.000, 3976.000,   15.907
   5.165, 4544840.000,   99.800,   14.110,    8.000, 5000.000,    5.307
   5.172, 4549840.000,   99.800,   13.710,    8.000, 5000.000,    7.593
   5.177, 4554840.000,   99.710,   13.180,   20.000, 5000.000,    4.500
   5.181, 4559856.000,   99.800,   12.660,   20.000, 5016.000,    4.310
   5.185, 4563816.000,   99.900,   12.130,   20.000, 3960.000,    3.630
   5.194, 4567792.000,   99.800,   11.470,    0.000, 3976.000,    9.060
   5.198, 4571768.000,   99.800,   10.940,    0.000, 3976.000,    3.790
   5.201, 4575744.000,   99.800,   10.350,    0.000, 3976.000,    3.703
   5.205, 4579720.000,   99.800,    9.760,    0.000, 3976.000,    3.458
   5.209, 4584720.000,   99.800,    9.030,    0.000, 5000.000,    4.095
   5.218, 4589720.000,   99.800,    8.500,    0.000, 5000.000,    9.367
   5.221, 4594720.000,   99.800,    7.780,    0.000, 5000.000,    3.273
   5.225, 4598696.000,   99.800,    7.120,    0.000, 3976.000,    3.022
   5.230, 4602672.000,   99.800,    6.460,    0.000, 3976.000,    5.005
   5.234, 4606648.000,   99.800,    5.800,    0.000, 3976.000,    4.069
   5.242, 4610628.000,   99.800,    5.080,   -0.000, 3980.000,    8.045
   5.246, 4614600.000,   99.800,    4.350,   -0.000, 3972.000,    4.048
   5.250, 4619600.000,   99.800,    3.760,   -0.000, 5000.000,    3.938
   5.254, 4624604.000,   99.800,    3.030,    8.000, 5004.000,    3.986
   5.262, 4629604.000,   99.800,    2.440,   20.000, 5000.000,    8.108
   5.265, 4633576.000,   99.800,    1.650,   20.000, 3972.000,    3.574
   5.271, 4637552.000,   99.800,    1.050,   20.000, 3976.000,    6.068
   5.275, 4641528.000,   99.800,    0.330,   20.000, 3976.000,    3.410
   5.279, 4645504.000,   99.800,   -0.260,   20.000, 3976.000,    4.196
   5.286, 4649480.000,   99.800,   -0.990,   20.000, 3976.000,    7.083
   5.290, 4653456.000,   99.800,   -1.520,   20.000, 3976.000,    4.059
   5.295, 4658456.000,   99.800,   -2.240,   20.000, 5000.000,    4.519
   5.299, 4663460.000,   99.800,   -2.770,   20.000, 5004.000,    3.941
   5.308, 4668456.000,   99.800,   -3.300,   20.000, 4996.000,    9.491
   5.312, 4672432.000,   99.800,   -3.690,   20.000, 3976.000,    3.973
   5.315, 4676408.000,   99.800,   -4.220,   20.000, 3976.000,    2.532
   5.321, 4680384.000,   99.800,   -4.680,   20.000, 3976.000,    6.052
   5.323, 4684360.000,   99.800,   -5.010,   20.000, 3976.000,    2.570
   5.331, 4688336.000,   99.800,   -5.470,    0.000, 3976.000,    7.818
   5.337, 4693348.000,   99.800,   -5.730,    0.000, 5012.000,    5.506
   5.340, 4698336.000,   99.800,   -6.000,    0.000, 4988.000,    3.913
   5.344, 4703336.000,   99.800,   -6.200,    0.000, 5000.000,    4.061
   5.353, 4708336.000,   99.800,   -6.330,   -0.000, 5000.000,    8.967
   5.356, 4712312.000,   99.800,   -6.530,   -0.000, 3976.000,    2.468
   5.360, 4716288.000,   99.800,   -6.590,   -0.000, 3976.000,    4.165
   5.364, 4720272.000,   99.800,   -6.720,   -0.000, 3984.000,    3.796
   5.368, 4724240.000,   99.800,   -6.720,   -0.000, 3968.000,    4.256
   5.377, 4728228.000,   99.800,   -6.720,   -0.000, 3988.000,    8.533
   5.383, 4733216.000,   99.800,   -6.720,   -0.000, 4988.000,    5.894
   5.385, 4738216.000,   99.800,   -6.590,   -0.000, 5000.000,    1.990
   5.390, 4743216.000,   99.800,   -6.530,   -0.000, 5000.000,    5.389
   5.393, 4747200.000,   99.800,   -6.460,    8.000, 3984.000,    3.052
   5.401, 4751168.000,   99.800,   -6.260,    0.000, 3968.000,    7.568
   5.406, 4755164.000,   99.800,   -6.060,    0.000, 3996.000,    5.043
   5.413, 4759120.000,   99.800,   -5.800,    0.000, 3956.000,    7.575
   5.415, 4763096.000,   99.800,   -5.670,    0.000, 3976.000,    1.886
   5.422, 4768096.000,   99.800,   -5.270,    0.000, 5000.000,    6.702
   5.426, 4773096.000,   99.800,   -5.010,    0.000, 5000.000,    4.587
   5.430, 4778100.000,   99.800,   -4.750,    0.000, 5004.000,    3.988
   5.435, 4783096.000,   99.800,   -4.420,    0.000, 4996.000,    4.548
   5.438, 4787076.000,   99.800,   -4.090,    0.000, 3980.000,    3.037
   5.446, 4791048.000,   99.800,   -3.630,   -0.000, 3972.000,    8.462
   5.450, 4795024.000,   99.800,   -3.300,   -0.000, 3976.000,    4.023
   5.455, 4799000.000,   99.800,   -2.830,   -0.000, 3976.000,    4.567
   5.459, 4802976.000,   99.800,   -2.500,    8.000, 3976.000,    4.019
   5.466, 4807976.000,   99.800,   -1.980,   20.000, 5000.000,    7.442
   5.472, 4812976.000,   99.800,   -1.580,   20.000, 5000.000,    5.994
   5.477, 4817976.000,   99.710,   -1.050,   20.000, 5000.000,    4.507
   5.479, 4821956.000,   99.800,   -0.660,   20.000, 3980.000,    1.644
   5.483, 4825928.000,   99.800,   -0.130,   20.000, 3972.000,    4.273
   5.503, 4837856.000,   99.800,    1.380,    0.000, 3976.000,   19.772
   5.523, 4857856.000,   99.800,    3.760,    8.000, 5000.000,   20.333
   5.538, 4869784.000,   99.800,    5.540,    8.000, 3976.000,   15.221
   5.542, 4873760.000,   99.800,    6.200,   20.000, 3976.000,    3.534
   5.545, 4877736.000,   99.800,    6.720,   20.000, 3976.000,    3.191
   5.550, 4882736.000,   99.800,    7.450,   20.000, 5000.000,    4.823
   5.558, 4887736.000,   99.800,    7.980,   20.000, 5000.000,    8.164
   5.568, 4896712.000,   99.800,    9.290,    0.000, 3976.000,   10.395
   5.585, 4908640.000,   99.800,   11.140,    0.000, 3976.000,   17.126
   5.600, 4926592.000,   99.800,   13.510,    0.000, 5000.000,   14.599
   5.606, 4931592.000,   99.800,   14.040,    0.000, 5000.000,    5.974
   5.610, 4935568.000,   99.800,   14.570,    0.000, 3976.000,    4.322
   5.614, 4939544.000,   99.800,   15.100,    0.000, 3976.000,    4.101
   5.618, 4943520.000,   99.800,   15.620,    0.000, 3976.000,    4.028
   5.626, 4947496.000,   99.800,   16.080,    0.000, 3976.000,    7.572
   5.630, 4951472.000,   99.800,   16.480,    0.000, 3976.000,    4.004
   5.638, 4956472.000,   99.800,   16.940,    0.000, 5000.000,    8.130
   5.640, 4961472.000,   99.800,   17.400,    0.000, 5000.000,    1.890
   5.643, 4966472.000,   99.800,   17.670,    0.000, 5000.000,    2.600
   5.666, 4982376.000,   99.800,   18.790,    0.000, 3976.000,   22.887
   5.682, 4995328.000,   99.800,   19.310,   -0.000, 5000.000,   15.989
   5.706, 5017256.000,   99.800,   19.310,    8.000, 3976.000,   24.117
   5.720, 5025208.000,   99.800,   19.050,    8.000, 3976.000,   14.541
   5.723, 5030208.000,   99.800,   18.850,   20.000, 5000.000,    2.436
   5.725, 5035208.000,   99.800,   18.590,   20.000, 5000.000,    2.347
   5.729, 5040208.000,   99.800,   18.460,   20.000, 5000.000,    4.020
   5.734, 5044184.000,   99.800,   18.190,   20.000, 3976.000,    5.226
   5.742, 5048160.000,   99.800,   17.930,   20.000, 3976.000,    7.923
   5.747, 5052136.000,   99.800,   17.530,   20.000, 3976.000,    4.527
   5.751, 5056128.000,   99.710,   17.200,   20.000, 3992.000,    3.952
   5.755, 5060088.000,   99.800,   16.870,   20.000, 3960.000,    4.016
   5.762, 5064064.000,   99.800,   16.410,   20.000, 3976.000,    7.468
   5.767, 5069064.000,   99.800,   16.080,    0.000, 5000.000,    4.523
   5.771, 5074064.000,   99.800,   15.620,    0.000, 5000.000,    4.016
   5.775, 5079064.000,   99.800,   15.290,    0.000, 5000.000,    4.074
   5.778, 5083040.000,   99.800,   14.900,    0.000, 3976.000,    3.375
   5.787, 5087016.000,   99.800,   14.370,    8.000, 3976.000,    8.445
   5.791, 5091012.000,   99.800,   14.040,   20.000, 3996.000,    3.986
   5.794, 5094968.000,   99.800,   13.510,   20.000, 3956.000,    3.931
   5.798, 5098944.000,   99.800,   13.050,   20.000, 3976.000,    3.678
   5.804, 5102920.000,   99.800,   12.520,    0.000, 3976.000,    5.981
   5.811, 5107920.000,   99.800,   12.190,    0.000, 5000.000,    6.516
   5.815, 5112920.000,   99.800,   11.670,    0.000, 5000.000,    4.093
   5.820, 5117920.000,   99.800,   11.210,    0.000, 5000.000,    5.539
   5.826, 5121896.000,   99.800,   10.680,    0.000, 3976.000,    6.140
   5.832, 5125872.000,   99.800,   10.280,    0.000, 3976.000,    5.284
   5.837, 5129848.000,   99.800,    9.760,    0.000, 3976.000,    5.401
   5.841, 5133824.000,   99.800,    9.290,    0.000, 3976.000,    3.691
   5.844, 5138824.000,   99.800,    8.770,    0.000, 5000.000,    3.008
   5.851, 5143824.000,   99.800,    8.240,    0.000, 5000.000,    6.744
   5.861, 5153824.000,   99.800,    7.250,   20.000, 5000.000,   10.753
   5.865, 5157800.000,   99.900,    6.720,   20.000, 3976.000,    3.734
   5.878, 5165752.000,   99.800,    5.670,   20.000, 3976.000,   12.526
   5.892, 5178704.000,   99.800,    4.280,    0.000, 5000.000,   14.864
   5.908, 5193704.000,   99.800,    2.970,    0.000, 5000.000,   15.865
   5.925, 5205632.000,   99.800,    1.850,    0.000, 3976.000,   16.269
   5.940, 5223584.000,   99.800,    0.260,   -0.000, 5000.000,   15.698
   5.955, 5236536.000,   99.800,   -0.660,   -0.000, 3976.000,   15.116
   5.975, 5253464.000,   99.800,   -1.780,   -0.000, 5000.000,   20.123
   5.991, 5268464.000,   99.800,   -2.570,   -0.000, 5000.000,   15.643
   6.016, 5288344.000,   99.800,   -3.430,    8.000, 3976.000,   24.863
