t,tp,y,u,pot,dtp,dt,step,pct,ref
0.000000,0.000000,0.000000,100.000000,0.000000,0.036884,0.000082,0.000000,0.000044,0.000000
0.050078,0.050088,1.384277,0.000000,0.000000,0.050088,0.050006,1.000000,0.050128,0.000000
0.100087,0.100132,10.612793,0.000000,0.000000,0.050044,0.050010,2.000000,0.100172,0.000000
0.150089,0.150224,23.466797,0.000000,0.000000,0.050092,0.050001,3.000000,0.150264,0.000000
0.200096,0.200276,34.672852,0.000000,0.000000,0.050052,0.050007,4.000000,0.200316,0.000000
0.250100,0.250372,40.869141,0.000000,0.000000,0.050096,0.050004,5.000000,0.250412,0.000000
0.300101,0.300428,40.473633,0.000000,0.000000,0.050056,0.050002,6.000000,0.300464,0.000000
0.350107,0.350520,33.288574,0.000000,0.000000,0.050092,0.050005,7.000000,0.350564,0.000000
0.400113,0.400580,20.302734,0.000000,0.000000,0.050060,0.050006,8.000000,0.400620,0.000000
0.450116,0.450632,3.493652,0.000000,0.000000,0.050052,0.050003,9.000000,0.450676,0.000000
0.500124,0.500736,-13.579102,0.000000,0.000000,0.050104,0.050008,10.000000,0.500776,0.000000
0.550126,0.550776,-27.290039,0.000000,0.000000,0.050040,0.050002,11.000000,0.550820,0.000000
0.600135,0.600880,-35.266113,0.000000,0.000000,0.050104,0.050009,12.000000,0.600920,0.000000
0.650139,0.650920,-36.123047,0.000000,0.000000,0.050040,0.050005,13.000000,0.650964,0.000000
0.700149,0.701024,-29.794922,0.000000,0.000000,0.050104,0.050009,14.000000,0.701064,0.000000
0.750150,0.751076,-17.600098,0.000000,0.000000,0.050052,0.050002,15.000000,0.751112,0.000000
0.800158,0.801172,-1.779785,0.000000,0.000000,0.050096,0.050007,16.000000,0.801212,0.000000
0.850158,0.851656,14.567871,0.000000,0.000000,0.050484,0.050000,17.000000,0.851696,0.000000
0.900167,0.901308,27.487793,0.000000,0.000000,0.049652,0.050010,18.000000,0.901348,0.000000
0.950172,0.951356,34.804688,0.000000,0.000000,0.050048,0.050004,19.000000,0.951396,0.000000
1.000181,1.001456,35.068359,0.000000,0.000000,0.050100,0.050012,20.000000,1.001496,0.000000
1.050186,1.051500,28.542480,0.000000,0.000000,0.050044,0.050002,21.000000,1.051540,0.000000
1.100195,1.102020,16.149902,0.000000,0.000000,0.050520,0.050010,22.000000,1.102060,0.000000
1.150202,1.151636,0.791016,0.000000,0.000000,0.049616,0.050006,23.000000,1.151680,0.000000
1.200209,1.201728,-14.699707,0.000000,0.000000,0.050092,0.050007,24.000000,1.201768,0.000000
1.250211,1.252260,-27.092285,0.000000,0.000000,0.050532,0.050002,25.000000,1.252296,0.000000
1.300215,1.301880,-33.750000,0.000000,0.000000,0.049620,0.050004,26.000000,1.301920,0.000000
1.350217,1.352404,-33.750000,0.000000,0.000000,0.050524,0.050003,27.000000,1.352440,0.000000
1.400220,1.402016,-27.158203,0.000000,0.000000,0.049612,0.050003,28.000000,1.402056,0.000000
1.450222,1.452112,-15.029297,0.000000,0.000000,0.050096,0.050001,29.000000,1.452152,0.000000
1.500226,1.502172,0.065918,0.000000,0.000000,0.050060,0.050004,30.000000,1.502212,0.000000
1.550233,1.552692,15.358887,0.000000,0.000000,0.050520,0.050008,31.000000,1.552736,0.000000
1.600237,1.602320,27.026367,0.000000,0.000000,0.049628,0.050003,32.000000,1.602360,0.000000
1.650246,1.652416,33.222656,0.000000,0.000000,0.050096,0.050009,33.000000,1.652456,0.000000
1.700250,1.702460,32.695312,0.000000,0.000000,0.050044,0.050004,34.000000,1.702500,0.000000
1.750250,1.752556,25.642090,0.000000,0.000000,0.050096,0.050000,35.000000,1.752596,0.000000
1.800251,1.802620,13.513184,0.000000,0.000000,0.050064,0.050001,36.000000,1.802656,0.000000
1.850254,1.853104,-1.516113,0.000000,0.000000,0.050484,0.050003,37.000000,1.853144,0.000000
1.900256,1.902756,-15.754395,0.000000,0.000000,0.049652,0.050002,38.000000,1.902796,0.000000
1.950260,1.952812,-26.828613,0.000000,0.000000,0.050056,0.050004,39.000000,1.952852,0.000000
2.000267,2.002896,-32.365723,0.000000,0.000000,0.050084,0.050007,40.000000,2.002936,0.000000
2.050276,2.052956,-31.376953,0.000000,0.000000,0.050060,0.050009,41.000000,2.052996,0.000000
2.100284,2.103048,-24.191895,0.000000,0.000000,0.050092,0.050008,42.000000,2.103088,0.000000
2.150289,2.153096,-12.128906,0.000000,0.000000,0.050048,0.050005,43.000000,2.153140,0.000000
2.200293,2.203620,2.504883,0.000000,0.000000,0.050524,0.050004,44.000000,2.203660,0.000000
2.250302,2.253248,16.479492,0.000000,0.000000,0.049628,0.050009,45.000000,2.253288,0.000000
2.300302,2.303340,26.960449,0.000000,0.000000,0.050092,0.050000,46.000000,2.303380,0.000000
2.350305,2.353820,31.772461,0.000000,0.000000,0.050480,0.050003,47.000000,2.353864,0.000000
2.400311,2.403484,30.190430,0.000000,0.000000,0.049664,0.050022,48.000000,2.403524,0.000000
2.450327,2.453528,22.543945,0.000000,0.000000,0.050044,0.050001,49.000000,2.453572,0.000000
2.500334,2.503632,10.415039,0.000000,0.000000,0.050104,0.050006,50.000000,2.503672,0.000000
2.550338,2.553684,-3.823242,0.000000,0.000000,0.050052,0.050004,51.000000,2.553724,0.000000
2.600338,2.603784,-17.072754,0.000000,0.000000,0.050100,0.050000,52.000000,2.603824,0.000000
2.650346,2.654264,-26.828613,0.000000,0.000000,0.050480,0.050008,53.000000,2.654304,0.000000
2.700346,2.704360,-30.849609,0.000000,0.000000,0.050096,0.050001,54.000000,2.704400,0.000000
2.750348,2.753976,-28.872070,0.000000,0.000000,0.049616,0.050002,55.000000,2.754016,0.000000
2.800357,2.804508,-20.961914,0.000000,0.000000,0.050532,0.050008,56.000000,2.804544,0.000000
2.850365,2.854556,-8.898926,0.000000,0.000000,0.050048,0.050008,57.000000,2.854596,0.000000
2.900365,2.904212,5.009766,0.000000,0.000000,0.049656,0.050000,58.000000,2.904252,0.000000
2.950362,2.954696,17.929688,0.000000,0.000000,0.050484,0.050004,59.000000,2.954736,0.000000
3.000372,3.004364,26.894531,0.000000,0.000000,0.049668,0.050003,60.000000,3.004400,0.000000
3.050380,3.054848,30.190430,0.000000,0.000000,0.050484,0.050008,61.000000,3.054888,0.000000
3.100387,3.104936,27.487793,0.000000,0.000000,0.050088,0.050007,62.000000,3.104976,0.000000
3.150387,3.154988,19.248047,0.000000,0.000000,0.050052,0.050000,63.000000,3.155028,0.000000
3.200394,3.205088,7.119141,0.000000,0.000000,0.050100,0.050007,64.000000,3.205128,0.000000
3.250397,3.255140,-6.459961,0.000000,0.000000,0.050052,0.050003,65.000000,3.255180,0.000000
3.300403,3.305232,-18.457031,0.000000,0.000000,0.050092,0.050007,66.000000,3.305272,0.000000
3.350409,3.355284,-26.630859,0.000000,0.000000,0.050052,0.050005,67.000000,3.355324,0.000000
3.400412,3.405376,-29.267578,0.000000,0.000000,0.050092,0.050003,68.000000,3.405416,0.000000
3.450415,3.455428,-26.037598,0.000000,0.000000,0.050052,0.050003,69.000000,3.455464,0.000000
3.500417,3.505524,-17.534180,0.000000,0.000000,0.050096,0.050002,70.000000,3.505564,0.000000
3.550419,3.555580,-5.471191,0.000000,0.000000,0.050056,0.050002,71.000000,3.555620,0.000000
3.600420,3.605636,7.712402,0.000000,0.000000,0.050056,0.050001,72.000000,3.605676,0.000000
3.650426,3.655728,19.248047,0.000000,0.000000,0.050092,0.050006,73.000000,3.655768,0.000000
3.700434,3.705788,26.696777,0.000000,0.000000,0.050060,0.050008,74.000000,3.705828,0.000000
3.750443,3.755888,28.542480,0.000000,0.000000,0.050100,0.050009,75.000000,3.755928,0.000000
3.800446,3.805940,24.653320,0.000000,0.000000,0.050052,0.050007,76.000000,3.805980,0.000000
3.850449,3.856004,15.820312,0.000000,0.000000,0.050064,0.050000,77.000000,3.856044,0.000000
3.900457,3.906096,3.691406,0.000000,0.000000,0.050092,0.050007,78.000000,3.906136,0.000000
3.950459,3.956148,-9.096680,0.000000,0.000000,0.050052,0.050002,79.000000,3.956184,0.000000
4.000461,4.006224,-19.709473,0.000000,0.000000,0.050076,0.050002,80.000000,4.006272,0.000000
4.050464,4.056280,-26.235352,0.000000,0.000000,0.050056,0.050003,81.000000,4.056324,0.000000
4.100470,4.106376,-27.355957,0.000000,0.000000,0.050096,0.050007,82.000000,4.106416,0.000000
4.150479,4.156428,-22.939453,0.000000,0.000000,0.050052,0.050008,83.000000,4.156468,0.000000
4.200479,4.206528,-13.842773,0.000000,0.000000,0.050100,0.050000,84.000000,4.206568,0.000000
4.250483,4.256572,-1.977539,0.000000,0.000000,0.050044,0.050004,85.000000,4.256612,0.000000
4.300486,4.306664,10.415039,0.000000,0.000000,0.050092,0.050004,86.000000,4.306704,0.000000
4.350490,4.356752,20.434570,0.000000,0.000000,0.050088,0.050003,87.000000,4.356792,0.000000
4.400496,4.406792,26.169434,0.000000,0.000000,0.050040,0.050007,88.000000,4.406836,0.000000
4.450504,4.456892,26.433105,0.000000,0.000000,0.050100,0.050008,89.000000,4.456932,0.000000
4.500510,4.506940,21.423340,0.000000,0.000000,0.050048,0.050006,90.000000,4.506984,0.000000
4.550511,4.557040,11.997070,0.000000,0.000000,0.050100,0.050001,91.000000,4.557080,0.000000
4.600517,4.607084,0.065918,0.000000,0.000000,0.050044,0.050005,92.000000,4.607124,0.000000
4.650520,4.657184,-11.601562,0.000000,0.000000,0.050100,0.050003,93.000000,4.657224,0.000000
4.700528,4.707236,-20.830078,0.000000,0.000000,0.050052,0.050008,94.000000,4.707276,0.000000
4.750534,4.757328,-25.708008,0.000000,0.000000,0.050092,0.050006,95.000000,4.757368,0.000000
4.800535,4.807380,-25.246582,0.000000,0.000000,0.050052,0.050001,96.000000,4.807420,0.000000
4.850540,4.857472,-19.709473,0.000000,0.000000,0.050092,0.050006,97.000000,4.857512,0.000000
4.900547,4.907524,-10.151367,0.000000,0.000000,0.050052,0.050007,98.000000,4.907560,0.000000
4.950551,4.957612,1.582031,0.000000,0.000000,0.050088,0.050003,99.000000,4.957652,0.000000
5.000553,5.007668,12.919922,0.000000,0.000000,0.050056,0.050003,100.000000,5.007712,0.000000
5.050558,5.057760,21.423340,0.000000,0.000000,0.050092,0.050004,101.000000,5.057800,0.000000
5.100561,5.107804,25.378418,0.000000,0.000000,0.050044,0.050003,102.000000,5.107844,0.000000
5.150564,5.157904,24.060059,0.000000,0.000000,0.050100,0.050004,103.000000,5.157944,0.000000
5.200566,5.207956,17.929688,0.000000,0.000000,0.050052,0.050001,104.000000,5.207996,0.000000
5.250575,5.258048,8.041992,0.000000,0.000000,0.050092,0.050009,105.000000,5.258088,0.000000
5.300581,5.308092,-3.361816,0.000000,0.000000,0.050044,0.050006,106.000000,5.308132,0.000000
5.350587,5.358192,-13.908691,0.000000,0.000000,0.050100,0.050006,107.000000,5.358232,0.000000
5.400595,5.408252,-21.489258,0.000000,0.000000,0.050060,0.050008,108.000000,5.408288,0.000000
5.450596,5.458348,-24.521484,0.000000,0.000000,0.050096,0.050001,109.000000,5.458388,0.000000
5.500604,5.508396,-22.609863,0.000000,0.000000,0.050048,0.050008,110.000000,5.508440,0.000000
5.550609,5.558496,-16.018066,0.000000,0.000000,0.050100,0.050005,111.000000,5.558536,0.000000
5.600612,5.608548,-6.196289,0.000000,0.000000,0.050052,0.050004,112.000000,5.608588,0.000000
5.650620,5.658592,5.009766,0.000000,0.000000,0.050044,0.050007,113.000000,5.658636,0.000000
5.700628,5.708688,15.029297,0.000000,0.000000,0.050096,0.050008,114.000000,5.708728,0.000000
5.750636,5.758776,21.884766,0.000000,0.000000,0.050088,0.050008,115.000000,5.758816,0.000000
5.800645,5.808816,24.060059,0.000000,0.000000,0.050040,0.050009,116.000000,5.808860,0.000000
5.850648,5.858920,21.357422,0.000000,0.000000,0.050104,0.050003,117.000000,5.858960,0.000000
5.900650,5.908980,14.238281,0.000000,0.000000,0.050060,0.050003,118.000000,5.909016,0.000000
5.950657,5.959080,4.284668,0.000000,0.000000,0.050100,0.050006,119.000000,5.959116,0.000000
6.000658,6.009120,-6.459961,0.000000,0.000000,0.050040,0.050001,120.000000,6.009160,0.000000
6.050658,6.059216,-15.754395,0.000000,0.000000,0.050096,0.050000,121.000000,6.059256,0.000000
6.100658,6.109260,-21.621094,0.000000,0.000000,0.050044,0.050000,122.000000,6.109300,0.000000
6.150667,6.159320,-23.137207,0.000000,0.000000,0.050060,0.050009,123.000000,6.159364,0.000000
6.200668,6.209416,-19.775391,0.000000,0.000000,0.050096,0.050002,124.000000,6.209456,0.000000
6.250669,6.259504,-12.392578,0.000000,0.000000,0.050088,0.050000,125.000000,6.259544,0.000000
6.300674,6.309548,-2.504883,0.000000,0.000000,0.050044,0.050005,126.000000,6.309588,0.000000
6.350677,6.359640,7.976074,0.000000,0.000000,0.050092,0.050004,127.000000,6.359680,0.000000
6.400679,6.409872,16.677246,0.000000,0.000000,0.050232,0.050001,128.000000,6.409908,0.000000
6.450686,6.459788,21.752930,0.000000,0.000000,0.049916,0.050007,129.000000,6.459828,0.000000
6.500687,6.509836,22.412109,0.000000,0.000000,0.050048,0.050001,130.000000,6.509876,0.000000
6.550695,6.559928,18.325195,0.000000,0.000000,0.050092,0.050008,131.000000,6.559968,0.000000
6.600703,6.609976,10.612793,0.000000,0.000000,0.050048,0.050009,132.000000,6.610020,0.000000
6.650709,6.660080,0.659180,0.000000,0.000000,0.050104,0.050006,133.000000,6.660120,0.000000
6.700714,6.710304,-9.360352,0.000000,0.000000,0.050224,0.050004,134.000000,6.710344,0.000000
6.750722,6.760228,-17.138672,0.000000,0.000000,0.049924,0.050008,135.000000,6.760268,0.000000
6.800727,6.810276,-21.489258,0.000000,0.000000,0.050048,0.050005,136.000000,6.810316,0.000000
6.850735,6.860368,-21.291504,0.000000,0.000000,0.050092,0.050008,137.000000,6.860408,0.000000
6.900740,6.910428,-16.743164,0.000000,0.000000,0.050060,0.050005,138.000000,6.910464,0.000000
6.950748,6.960480,-8.833008,0.000000,0.000000,0.050052,0.050008,139.000000,6.960520,0.000000
7.000750,7.010568,0.922852,0.000000,0.000000,0.050088,0.050002,140.000000,7.010608,0.000000
7.050751,7.060664,10.546875,0.000000,0.000000,0.050096,0.050001,141.000000,7.060704,0.000000
7.100760,7.110708,17.797852,0.000000,0.000000,0.050044,0.050009,142.000000,7.110748,0.000000
7.150762,7.160936,21.225586,0.000000,0.000000,0.050228,0.050002,143.000000,7.160976,0.000000
7.200762,7.210860,20.302734,0.000000,0.000000,0.049924,0.050000,144.000000,7.210900,0.000000
7.250763,7.260952,15.095215,0.000000,0.000000,0.050092,0.050002,145.000000,7.260992,0.000000
7.300770,7.311004,6.921387,0.000000,0.000000,0.050052,0.050007,146.000000,7.311044,0.000000
7.350773,7.361096,-2.768555,0.000000,0.000000,0.050092,0.050002,147.000000,7.361136,0.000000
7.400782,7.411328,-11.601562,0.000000,0.000000,0.050232,0.050009,148.000000,7.411364,0.000000
7.450782,7.461252,-18.061523,0.000000,0.000000,0.049924,0.050000,149.000000,7.461288,0.000000
7.500791,7.511300,-20.698242,0.000000,0.000000,0.050048,0.050009,150.000000,7.511340,0.000000
7.550800,7.561392,-18.984375,0.000000,0.000000,0.050092,0.050009,151.000000,7.561432,0.000000
7.600801,7.611436,-13.381348,0.000000,0.000000,0.050044,0.050001,152.000000,7.611476,0.000000
7.650803,7.662100,-4.943848,0.000000,0.000000,0.050664,0.050002,153.000000,7.662140,0.000000
7.700812,7.711764,4.350586,0.000000,0.000000,0.049664,0.050009,154.000000,7.711800,0.000000
7.750818,7.761684,12.788086,0.000000,0.000000,0.049920,0.050006,155.000000,7.761724,0.000000
7.800825,7.811740,18.522949,0.000000,0.000000,0.050056,0.050007,156.000000,7.811780,0.000000
7.850826,7.861832,20.170898,0.000000,0.000000,0.050092,0.050002,157.000000,7.861872,0.000000
7.900831,7.911892,17.731934,0.000000,0.000000,0.050060,0.050005,158.000000,7.911928,0.000000
7.950839,7.962512,11.667480,0.000000,0.000000,0.050620,0.050007,159.000000,7.962552,0.000000
8.000841,8.012004,3.229980,0.000000,0.000000,0.049492,0.050002,160.000000,8.012048,0.000000
8.050847,8.062096,-5.800781,0.000000,0.000000,0.050092,0.050006,161.000000,8.062136,0.000000
8.100849,8.112748,-13.645020,0.000000,0.000000,0.050652,0.050003,162.000000,8.112784,0.000000
8.150852,8.162844,-18.391113,0.000000,0.000000,0.050096,0.050002,163.000000,8.162884,0.000000
8.200859,8.212464,-19.379883,0.000000,0.000000,0.049620,0.050007,164.000000,8.212504,0.000000
8.250864,8.262560,-16.281738,0.000000,0.000000,0.050096,0.050005,165.000000,8.262600,0.000000
8.300869,8.312476,-9.953613,0.000000,0.000000,0.049916,0.050005,166.000000,8.312516,0.000000
8.350871,8.362524,-1.450195,0.000000,0.000000,0.050048,0.050002,167.000000,8.362564,0.000000
8.400879,8.412620,7.250977,0.000000,0.000000,0.050096,0.050008,168.000000,8.412660,0.000000
8.450885,8.463232,14.567871,0.000000,0.000000,0.050612,0.050006,169.000000,8.463272,0.000000
8.500888,8.512756,18.522949,0.000000,0.000000,0.049524,0.050003,170.000000,8.512796,0.000000
8.550891,8.562976,18.720703,0.000000,0.000000,0.050220,0.050003,171.000000,8.563016,0.000000
8.600899,8.613464,14.897461,0.000000,0.000000,0.050488,0.050008,172.000000,8.613504,0.000000
8.650901,8.662948,8.239746,0.000000,0.000000,0.049484,0.050002,173.000000,8.662988,0.000000
8.700907,8.713212,-0.263672,0.000000,0.000000,0.050264,0.050006,174.000000,8.713252,0.000000
8.750914,8.763260,-8.569336,0.000000,0.000000,0.050048,0.050008,175.000000,8.763300,0.000000
8.800915,8.813352,-14.963379,0.000000,0.000000,0.050092,0.050001,176.000000,8.813392,0.000000
8.850925,8.863396,-18.325195,0.000000,0.000000,0.050044,0.050009,177.000000,8.863436,0.000000
8.900933,8.913496,-17.666016,0.000000,0.000000,0.050100,0.050008,178.000000,8.913536,0.000000
8.950941,8.963984,-13.447266,0.000000,0.000000,0.050488,0.050008,179.000000,8.964024,0.000000
9.000941,9.013644,-6.525879,0.000000,0.000000,0.049660,0.050000,180.000000,9.013680,0.000000
9.050942,9.063692,1.911621,0.000000,0.000000,0.050048,0.050001,181.000000,9.063732,0.000000
9.100942,9.113792,9.821777,0.000000,0.000000,0.050100,0.050001,182.000000,9.113832,0.000000
9.150948,9.163836,15.622559,0.000000,0.000000,0.050044,0.050006,183.000000,9.163876,0.000000
9.200950,9.214328,18.061523,0.000000,0.000000,0.050492,0.050001,184.000000,9.214368,0.000000
9.250953,9.263988,16.743164,0.000000,0.000000,0.049660,0.050003,185.000000,9.264024,0.000000
9.300962,9.314072,11.997070,0.000000,0.000000,0.050084,0.050009,186.000000,9.314112,0.000000
9.350964,9.364124,4.812012,0.000000,0.000000,0.050052,0.050003,187.000000,9.364164,0.000000
9.400966,9.414216,-3.427734,0.000000,0.000000,0.050092,0.050001,188.000000,9.414256,0.000000
9.450971,9.464696,-10.810547,0.000000,0.000000,0.050480,0.050005,189.000000,9.464736,0.000000
9.500980,9.514364,-15.820312,0.000000,0.000000,0.049668,0.050010,190.000000,9.514400,0.000000
9.550981,9.564412,-17.534180,0.000000,0.000000,0.050048,0.050000,191.000000,9.564452,0.000000
9.600989,9.614512,-15.556641,0.000000,0.000000,0.050100,0.050008,192.000000,9.614552,0.000000
9.650989,9.664992,-10.415039,0.000000,0.000000,0.050480,0.050001,193.000000,9.665032,0.000000
9.700996,9.715088,-3.032227,0.000000,0.000000,0.050096,0.050006,194.000000,9.715124,0.000000
9.751002,9.765132,5.009766,0.000000,0.000000,0.050044,0.050007,195.000000,9.765172,0.000000
9.801004,9.814796,11.865234,0.000000,0.000000,0.049664,0.050001,196.000000,9.814832,0.000000
9.851006,9.864852,16.149902,0.000000,0.000000,0.050056,0.050002,197.000000,9.864892,0.000000
9.901013,9.914944,17.138672,0.000000,0.000000,0.050092,0.050008,198.000000,9.914984,0.000000
9.951017,9.965440,14.370117,0.000000,0.000000,0.050496,0.050003,199.000000,9.965476,0.000000
10.001026,10.015484,8.833008,0.000000,0.000000,0.050044,0.050009,200.000000,10.015524,0.000000
10.051028,10.065140,1.450195,0.000000,0.000000,0.049656,0.050002,201.000000,10.065180,0.000000
10.101035,10.115232,-6.196289,0.000000,0.000000,0.050092,0.050007,202.000000,10.115272,0.000000
10.151034,10.165720,-12.524414,0.000000,0.000000,0.050488,0.050000,203.000000,10.165760,0.000000
10.201043,10.215380,-16.018066,0.000000,0.000000,0.049660,0.050008,204.000000,10.215416,0.000000
10.251050,10.265848,-16.281738,0.000000,0.000000,0.050468,0.050007,205.000000,10.265888,0.000000
10.301055,10.315516,-13.117676,0.000000,0.000000,0.049668,0.050005,206.000000,10.315552,0.000000
10.351055,10.365992,-7.250977,0.000000,0.000000,0.050476,0.050000,207.000000,10.366032,0.000000
10.401056,10.416080,0.131836,0.000000,0.000000,0.050088,0.050001,208.000000,10.416120,0.000000
10.451063,10.466168,7.514648,0.000000,0.000000,0.050088,0.050007,209.000000,10.466208,0.000000
10.501069,10.516220,13.183594,0.000000,0.000000,0.050052,0.050006,210.000000,10.516260,0.000000
10.551072,10.566272,16.083984,0.000000,0.000000,0.050052,0.050003,211.000000,10.566316,0.000000
10.601075,10.616364,15.556641,0.000000,0.000000,0.050092,0.050008,212.000000,10.616404,0.000000
10.651087,10.666460,11.865234,0.000000,0.000000,0.050096,0.050007,213.000000,10.666500,0.000000
10.701096,10.716524,5.668945,0.000000,0.000000,0.050064,0.050010,214.000000,10.716560,0.000000
10.751101,10.766608,-1.582031,0.000000,0.000000,0.050084,0.050004,215.000000,10.766648,0.000000
10.801105,10.816652,-8.437500,0.000000,0.000000,0.050044,0.050005,216.000000,10.816692,0.000000
10.851113,10.866752,-13.579102,0.000000,0.000000,0.050100,0.050007,217.000000,10.866792,0.000000
10.901118,10.916812,-15.688477,0.000000,0.000000,0.050060,0.050005,218.000000,10.916852,0.000000
10.951124,10.966856,-14.633789,0.000000,0.000000,0.050044,0.050006,219.000000,10.966900,0.000000
11.001127,11.016952,-10.480957,0.000000,0.000000,0.050096,0.050003,220.000000,11.016992,0.000000
11.051136,11.067004,-4.152832,0.000000,0.000000,0.050052,0.050009,221.000000,11.067044,0.000000
11.101140,11.117100,3.032227,0.000000,0.000000,0.050096,0.050004,222.000000,11.117140,0.000000
11.151143,11.167156,9.558105,0.000000,0.000000,0.050056,0.050004,223.000000,11.167192,0.000000
11.201149,11.217252,13.974609,0.000000,0.000000,0.050096,0.050005,224.000000,11.217292,0.000000
11.251151,11.267300,15.358887,0.000000,0.000000,0.050048,0.050002,225.000000,11.267340,0.000000
11.301156,11.317392,13.710938,0.000000,0.000000,0.050092,0.050006,226.000000,11.317432,0.000000
11.351160,11.367432,9.096680,0.000000,0.000000,0.050040,0.050003,227.000000,11.367476,0.000000
11.401165,11.417528,2.702637,0.000000,0.000000,0.050096,0.050005,228.000000,11.417568,0.000000
11.451165,11.467624,-4.218750,0.000000,0.000000,0.050096,0.050000,229.000000,11.467664,0.000000
11.501172,11.517668,-10.217285,0.000000,0.000000,0.050044,0.050007,230.000000,11.517708,0.000000
11.551178,11.567760,-13.974609,0.000000,0.000000,0.050092,0.050007,231.000000,11.567800,0.000000
11.601181,11.617812,-14.765625,0.000000,0.000000,0.050052,0.050002,232.000000,11.617852,0.000000
11.651182,11.667876,-12.524414,0.000000,0.000000,0.050064,0.050001,233.000000,11.667912,0.000000
11.701186,11.717984,-7.646484,0.000000,0.000000,0.050108,0.050004,234.000000,11.718020,0.000000
11.751187,11.768028,-1.186523,0.000000,0.000000,0.050044,0.050001,235.000000,11.768068,0.000000
11.801190,11.818120,5.537109,0.000000,0.000000,0.050092,0.050004,236.000000,11.818160,0.000000
11.851190,11.868160,10.942383,0.000000,0.000000,0.050040,0.050000,237.000000,11.868204,0.000000
11.901199,11.918256,14.106445,0.000000,0.000000,0.050096,0.050008,238.000000,11.918296,0.000000
11.951208,11.968336,14.238281,0.000000,0.000000,0.050080,0.050012,239.000000,11.968376,0.000000
12.001217,12.018376,11.403809,0.000000,0.000000,0.050040,0.050007,240.000000,12.018420,0.000000
12.051221,12.068472,6.328125,0.000000,0.000000,0.050096,0.050003,241.000000,12.068512,0.000000
12.101226,12.118564,-0.197754,0.000000,0.000000,0.050092,0.050005,242.000000,12.118604,0.000000
12.151227,12.168620,-6.525879,0.000000,0.000000,0.050056,0.050002,243.000000,12.168656,0.000000
12.201230,12.218704,-11.337891,0.000000,0.000000,0.050084,0.050002,244.000000,12.218748,0.000000
12.251234,12.268756,-13.842773,0.000000,0.000000,0.050052,0.050004,245.000000,12.268796,0.000000
12.301240,12.318848,-13.381348,0.000000,0.000000,0.050092,0.050007,246.000000,12.318888,0.000000
12.351246,12.368888,-10.151367,0.000000,0.000000,0.050040,0.050005,247.000000,12.368932,0.000000
12.401249,12.418984,-4.877930,0.000000,0.000000,0.050096,0.050003,248.000000,12.419024,0.000000
12.451253,12.469072,1.582031,0.000000,0.000000,0.050088,0.050004,249.000000,12.469112,0.000000
12.501256,12.519124,7.514648,0.000000,0.000000,0.050052,0.050004,250.000000,12.519164,0.000000
12.551265,12.569180,11.865234,0.000000,0.000000,0.050056,0.050008,251.000000,12.569220,0.000000
12.601272,12.619276,13.710938,0.000000,0.000000,0.050096,0.050008,252.000000,12.619316,0.000000
12.651281,12.669340,12.524414,0.000000,0.000000,0.050064,0.050008,253.000000,12.669376,0.000000
12.701287,12.719432,8.833008,0.000000,0.000000,0.050092,0.050006,254.000000,12.719476,0.000000
12.751296,12.769484,3.427734,0.000000,0.000000,0.050052,0.050009,255.000000,12.769524,0.000000
12.801305,12.819540,-2.834473,0.000000,0.000000,0.050056,0.050009,256.000000,12.819580,0.000000
12.851306,12.869640,-8.371582,0.000000,0.000000,0.050100,0.050001,257.000000,12.869680,0.000000
12.901314,12.919692,-12.062988,0.000000,0.000000,0.050052,0.050008,258.000000,12.919732,0.000000
12.951314,12.969784,-13.183594,0.000000,0.000000,0.050092,0.050000,259.000000,12.969824,0.000000
13.001323,13.020252,-11.601562,0.000000,0.000000,0.050468,0.050009,260.000000,13.020296,0.000000
13.051328,13.069924,-7.580566,0.000000,0.000000,0.049672,0.050005,261.000000,13.069960,0.000000
13.101336,13.120404,-1.977539,0.000000,0.000000,0.050480,0.050008,262.000000,13.120448,0.000000
13.151336,13.170076,4.020996,0.000000,0.000000,0.049672,0.050000,263.000000,13.170112,0.000000
13.201337,13.220124,9.096680,0.000000,0.000000,0.050048,0.050001,264.000000,13.220164,0.000000
13.251346,13.270224,12.260742,0.000000,0.000000,0.050100,0.050009,265.000000,13.270264,0.000000
13.301346,13.320268,12.722168,0.000000,0.000000,0.050044,0.050000,266.000000,13.320308,0.000000
13.351352,13.370368,10.612793,0.000000,0.000000,0.050100,0.050006,267.000000,13.370408,0.000000
13.401355,13.420408,6.196289,0.000000,0.000000,0.050040,0.050003,268.000000,13.420452,0.000000
13.451362,13.470504,0.593262,0.000000,0.000000,0.050096,0.050007,269.000000,13.470544,0.000000
13.501362,13.520592,-5.141602,0.000000,0.000000,0.050088,0.050000,270.000000,13.520632,0.000000
13.551369,13.570636,-9.689941,0.000000,0.000000,0.050044,0.050007,271.000000,13.570676,0.000000
13.601374,13.620732,-12.128906,0.000000,0.000000,0.050096,0.050006,272.000000,13.620772,0.000000
13.651384,13.670788,-12.062988,0.000000,0.000000,0.050056,0.050009,273.000000,13.670824,0.000000
13.701387,13.721316,-9.492188,0.000000,0.000000,0.050528,0.050003,274.000000,13.721352,0.000000
13.751388,13.770928,-4.943848,0.000000,0.000000,0.049612,0.050001,275.000000,13.770968,0.000000
13.801393,13.821024,0.593262,0.000000,0.000000,0.050096,0.050005,276.000000,13.821064,0.000000
13.851398,13.871068,6.130371,0.000000,0.000000,0.050044,0.050006,277.000000,13.871108,0.000000
13.901406,13.921160,10.151367,0.000000,0.000000,0.050092,0.050007,278.000000,13.921200,0.000000
13.951415,13.971220,11.997070,0.000000,0.000000,0.050060,0.050009,279.000000,13.971260,0.000000
14.001421,14.021748,11.337891,0.000000,0.000000,0.050528,0.050006,280.000000,14.021788,0.000000
14.051424,14.071804,8.239746,0.000000,0.000000,0.050056,0.050003,281.000000,14.071844,0.000000
14.101424,14.121468,3.559570,0.000000,0.000000,0.049664,0.050001,282.000000,14.121504,0.000000
14.151431,14.171524,-1.977539,0.000000,0.000000,0.050056,0.050006,283.000000,14.171560,0.000000
14.201433,14.222008,-6.987305,0.000000,0.000000,0.050484,0.050002,284.000000,14.222048,0.000000
14.251433,14.271660,-10.480957,0.000000,0.000000,0.049652,0.050000,285.000000,14.271700,0.000000
14.301434,14.321752,-11.733398,0.000000,0.000000,0.050092,0.050002,286.000000,14.321792,0.000000
14.351440,14.371804,-10.480957,0.000000,0.000000,0.050052,0.050006,287.000000,14.371844,0.000000
14.401443,14.421896,-7.119141,0.000000,0.000000,0.050092,0.050002,288.000000,14.421936,0.000000
14.451448,14.471948,-2.241211,0.000000,0.000000,0.050052,0.050005,289.000000,14.471988,0.000000
14.501451,14.522040,3.032227,0.000000,0.000000,0.050092,0.050003,290.000000,14.522080,0.000000
14.551458,14.572520,7.778320,0.000000,0.000000,0.050480,0.050007,291.000000,14.572560,0.000000
14.601461,14.622608,10.678711,0.000000,0.000000,0.050088,0.050004,292.000000,14.622648,0.000000
14.651464,14.672660,11.206055,0.000000,0.000000,0.050052,0.050002,293.000000,14.672700,0.000000
14.701467,14.722760,9.492188,0.000000,0.000000,0.050100,0.050004,294.000000,14.722800,0.000000
14.751468,14.772804,5.800781,0.000000,0.000000,0.050044,0.050000,295.000000,14.772844,0.000000
14.801475,14.822468,0.856934,0.000000,0.000000,0.049664,0.050007,296.000000,14.822504,0.000000
14.851483,14.872524,-4.152832,0.000000,0.000000,0.050056,0.050009,297.000000,14.872564,0.000000
14.901484,14.922616,-8.305664,0.000000,0.000000,0.050092,0.050000,298.000000,14.922656,0.000000
14.951489,14.972656,-10.678711,0.000000,0.000000,0.050040,0.050005,299.000000,14.972700,0.000000
15.001491,15.023188,-10.744629,0.000000,0.000000,0.050532,0.050010,300.000000,15.023228,0.000000
15.051501,15.073244,-8.437500,0.000000,0.000000,0.050056,0.050002,301.000000,15.073284,0.000000
15.101508,15.123336,-4.482422,0.000000,0.000000,0.050092,0.050007,302.000000,15.123376,0.000000
15.151515,15.173388,0.395508,0.000000,0.000000,0.050052,0.050008,303.000000,15.173428,0.000000
15.201523,15.223488,5.273438,0.000000,0.000000,0.050100,0.050007,304.000000,15.223528,0.000000
15.251530,15.273108,8.833008,0.000000,0.000000,0.049620,0.050008,305.000000,15.273144,0.000000
15.301540,15.323192,10.546875,0.000000,0.000000,0.050084,0.050009,306.000000,15.323232,0.000000
15.351547,15.373244,10.019531,0.000000,0.000000,0.050052,0.050008,307.000000,15.373284,0.000000
15.401549,15.423764,7.382812,0.000000,0.000000,0.050520,0.050002,308.000000,15.423804,0.000000
15.451551,15.473808,3.229980,0.000000,0.000000,0.050044,0.050002,309.000000,15.473852,0.000000
15.501555,15.523904,-1.582031,0.000000,0.000000,0.050096,0.050003,310.000000,15.523944,0.000000
15.551556,15.573956,-5.998535,0.000000,0.000000,0.050052,0.050001,311.000000,15.573996,0.000000
15.601560,15.624048,-9.096680,0.000000,0.000000,0.050092,0.050005,312.000000,15.624088,0.000000
15.651562,15.674136,-10.217285,0.000000,0.000000,0.050088,0.050001,313.000000,15.674176,0.000000
15.701570,15.724188,-9.228516,0.000000,0.000000,0.050052,0.050008,314.000000,15.724228,0.000000
15.751572,15.774280,-6.262207,0.000000,0.000000,0.050092,0.050003,315.000000,15.774320,0.000000
15.801581,15.824332,-2.043457,0.000000,0.000000,0.050052,0.050008,316.000000,15.824368,0.000000
15.851580,15.874428,2.636719,0.000000,0.000000,0.050096,0.050000,317.000000,15.874468,0.000000
15.901582,15.924476,6.723633,0.000000,0.000000,0.050048,0.050001,318.000000,15.924516,0.000000
15.951587,15.974560,9.294434,0.000000,0.000000,0.050084,0.050005,319.000000,15.974600,0.000000
16.001595,16.024648,9.821777,0.000000,0.000000,0.050088,0.050009,320.000000,16.024688,0.000000
16.051602,16.074700,8.305664,0.000000,0.000000,0.050052,0.050006,321.000000,16.074740,0.000000
16.101608,16.124792,5.075684,0.000000,0.000000,0.050092,0.050007,322.000000,16.124832,0.000000
16.151611,16.174844,0.791016,0.000000,0.000000,0.050052,0.050002,323.000000,16.174884,0.000000
16.201615,16.224900,-3.625488,0.000000,0.000000,0.050056,0.050004,324.000000,16.224940,0.000000
16.251619,16.274992,-7.250977,0.000000,0.000000,0.050092,0.050004,325.000000,16.275032,0.000000
16.301625,16.325040,-9.228516,0.000000,0.000000,0.050048,0.050007,326.000000,16.325080,0.000000
16.351631,16.375140,-9.360352,0.000000,0.000000,0.050100,0.050005,327.000000,16.375180,0.000000
16.401630,16.425232,-7.514648,0.000000,0.000000,0.050092,0.050000,328.000000,16.425272,0.000000
16.451640,16.475276,-3.955078,0.000000,0.000000,0.050044,0.050012,329.000000,16.475316,0.000000
16.501646,16.525376,0.329590,0.000000,0.000000,0.050100,0.050003,330.000000,16.525416,0.000000
16.551650,16.575436,4.482422,0.000000,0.000000,0.050060,0.050004,331.000000,16.575476,0.000000
16.601656,16.625484,7.712402,0.000000,0.000000,0.050048,0.050006,332.000000,16.625524,0.000000
16.651659,16.675576,9.096680,0.000000,0.000000,0.050092,0.050003,333.000000,16.675616,0.000000
16.701663,16.725624,8.701172,0.000000,0.000000,0.050048,0.050004,334.000000,16.725668,0.000000
16.751669,16.775724,6.394043,0.000000,0.000000,0.050100,0.050006,335.000000,16.775764,0.000000
16.801677,16.825780,2.768555,0.000000,0.000000,0.050056,0.050008,336.000000,16.825816,0.000000
16.851684,16.875868,-1.450195,0.000000,0.000000,0.050088,0.050007,337.000000,16.875908,0.000000
16.901687,16.925912,-5.207520,0.000000,0.000000,0.050044,0.050003,338.000000,16.925956,0.000000
16.951687,16.976016,-7.844238,0.000000,0.000000,0.050104,0.050000,339.000000,16.976056,0.000000
17.001687,17.026060,-8.898926,0.000000,0.000000,0.050044,0.050000,340.000000,17.026100,0.000000
17.051690,17.076152,-7.910156,0.000000,0.000000,0.050092,0.050004,341.000000,17.076192,0.000000
17.051701,17.156264,-3.295898,0.000000,0.000000,0.080112,0.068016,342.000000,17.156304,0.000000
17.169708,17.194332,-0.197754,0.000000,0.000000,0.038068,0.050002,343.000000,17.194368,0.000000
17.219710,17.244380,3.691406,0.000000,0.000000,0.050048,0.050001,344.000000,17.244420,0.000000
17.269712,17.294472,6.855469,0.000000,0.000000,0.050092,0.050003,345.000000,17.294512,0.000000
17.319718,17.344524,8.437500,0.000000,0.000000,0.050052,0.050005,346.000000,17.344564,0.000000
17.369721,17.394616,8.173828,0.000000,0.000000,0.050092,0.050003,347.000000,17.394656,0.000000
17.419730,17.444668,6.196289,0.000000,0.000000,0.050052,0.050010,348.000000,17.444708,0.000000
17.469734,17.494768,2.966309,0.000000,0.000000,0.050100,0.050003,349.000000,17.494808,0.000000
17.519735,17.544820,-0.922852,0.000000,0.000000,0.050052,0.050001,350.000000,17.544860,0.000000
17.569744,17.594884,-4.482422,0.000000,0.000000,0.050064,0.050009,351.000000,17.594920,0.000000
17.619747,17.644976,-7.053223,0.000000,0.000000,0.050092,0.050003,352.000000,17.645012,0.000000
17.669748,17.695072,-8.173828,0.000000,0.000000,0.050096,0.050001,353.000000,17.695108,0.000000
17.719757,17.745116,-7.514648,0.000000,0.000000,0.050044,0.050009,354.000000,17.745156,0.000000
17.769758,17.795208,-5.207520,0.000000,0.000000,0.050092,0.050001,355.000000,17.795248,0.000000
17.819759,17.845252,-1.977539,0.000000,0.000000,0.050044,0.050002,356.000000,17.845292,0.000000
17.869767,17.895344,1.713867,0.000000,0.000000,0.050092,0.050007,357.000000,17.895384,0.000000
17.919768,17.945440,5.075684,0.000000,0.000000,0.050096,0.050001,358.000000,17.945480,0.000000
17.969773,17.995488,7.250977,0.000000,0.000000,0.050048,0.050005,359.000000,17.995524,0.000000
18.019781,18.045576,7.778320,0.000000,0.000000,0.050088,0.050008,360.000000,18.045616,0.000000
18.069748,18.096620,6.657715,0.000000,0.000000,0.051044,0.050863,361.000000,18.096660,0.000000
18.120647,18.146684,4.086914,0.000000,0.000000,0.050064,0.050003,362.000000,18.146720,0.000000
18.170652,18.196776,0.659180,0.000000,0.000000,0.050092,0.050005,363.000000,18.196816,0.000000
18.220656,18.246824,-2.768555,0.000000,0.000000,0.050048,0.050004,364.000000,18.246868,0.000000
18.270664,18.296920,-5.668945,0.000000,0.000000,0.050096,0.050008,365.000000,18.296960,0.000000
18.320665,18.346968,-7.250977,0.000000,0.000000,0.050048,0.050002,366.000000,18.347012,0.000000
18.370670,18.397064,-7.316895,0.000000,0.000000,0.050096,0.050004,367.000000,18.397104,0.000000
18.420671,18.447116,-5.800781,0.000000,0.000000,0.050052,0.050001,368.000000,18.447156,0.000000
18.470678,18.497208,-3.098145,0.000000,0.000000,0.050092,0.050007,369.000000,18.497248,0.000000
18.520685,18.547304,0.263672,0.000000,0.000000,0.050096,0.050007,370.000000,18.547344,0.000000
18.570694,18.597356,3.493652,0.000000,0.000000,0.050052,0.050009,371.000000,18.597392,0.000000
18.620695,18.647412,5.932617,0.000000,0.000000,0.050056,0.050002,372.000000,18.647448,0.000000
18.670698,18.697504,7.119141,0.000000,0.000000,0.050092,0.050004,373.000000,18.697544,0.000000
18.720701,18.747564,6.657715,0.000000,0.000000,0.050060,0.050001,374.000000,18.747604,0.000000
18.770703,18.797656,4.812012,0.000000,0.000000,0.050092,0.050002,375.000000,18.797696,0.000000
18.820706,18.847708,1.977539,0.000000,0.000000,0.050052,0.050003,376.000000,18.847748,0.000000
18.870715,18.897800,-1.186523,0.000000,0.000000,0.050092,0.050009,377.000000,18.897840,0.000000
18.920721,18.947852,-4.152832,0.000000,0.000000,0.050052,0.050006,378.000000,18.947892,0.000000
18.970730,18.997952,-6.064453,0.000000,0.000000,0.050100,0.050009,379.000000,18.997992,0.000000
19.020739,19.048004,-6.789551,0.000000,0.000000,0.050052,0.050009,380.000000,19.048044,0.000000
19.070744,19.098060,-5.998535,0.000000,0.000000,0.050056,0.050005,381.000000,19.098100,0.000000
19.120748,19.148156,-3.955078,0.000000,0.000000,0.050096,0.050004,382.000000,19.148196,0.000000
19.170754,19.198200,-1.054688,0.000000,0.000000,0.050044,0.050006,383.000000,19.198244,0.000000
19.220755,19.248296,1.977539,0.000000,0.000000,0.050096,0.050001,384.000000,19.248336,0.000000
19.270757,19.298384,4.614258,0.000000,0.000000,0.050088,0.050002,385.000000,19.298424,0.000000
19.320759,19.348436,6.196289,0.000000,0.000000,0.050052,0.050002,386.000000,19.348476,0.000000
19.370764,19.398492,6.394043,0.000000,0.000000,0.050056,0.050005,387.000000,19.398532,0.000000
19.420767,19.448584,5.273438,0.000000,0.000000,0.050092,0.050003,388.000000,19.448624,0.000000
19.470773,19.498680,2.966309,0.000000,0.000000,0.050096,0.050006,389.000000,19.498720,0.000000
19.520777,19.548724,0.065918,0.000000,0.000000,0.050044,0.050004,390.000000,19.548764,0.000000
19.570783,19.598820,-2.768555,0.000000,0.000000,0.050096,0.050006,391.000000,19.598860,0.000000
19.620783,19.648884,-4.943848,0.000000,0.000000,0.050064,0.050000,392.000000,19.648920,0.000000
19.670792,19.698920,-6.064453,0.000000,0.000000,0.050036,0.050009,393.000000,19.698964,0.000000
19.720793,19.749016,-5.932617,0.000000,0.000000,0.050096,0.050002,394.000000,19.749056,0.000000
19.770793,19.799104,-4.416504,0.000000,0.000000,0.050088,0.050000,395.000000,19.799144,0.000000
19.820802,19.849164,-2.109375,0.000000,0.000000,0.050060,0.050008,396.000000,19.849204,0.000000
19.870810,19.899256,0.659180,0.000000,0.000000,0.050092,0.050008,397.000000,19.899296,0.000000
19.920811,19.949308,3.295898,0.000000,0.000000,0.050052,0.050001,398.000000,19.949348,0.000000
19.970820,19.999404,5.141602,0.000000,0.000000,0.050096,0.050009,399.000000,19.999440,0.000000
20.020821,20.049452,5.866699,0.000000,0.000000,0.050048,0.050001,400.000000,20.049492,0.000000
20.070822,20.099548,5.273438,0.000000,0.000000,0.050096,0.050001,401.000000,20.099588,0.000000
20.120821,20.149612,3.559570,0.000000,0.000000,0.050064,0.050000,402.000000,20.149648,0.000000
20.170829,20.199696,1.054688,0.000000,0.000000,0.050084,0.050007,403.000000,20.199736,0.000000
20.220830,20.249740,-1.516113,0.000000,0.000000,0.050044,0.050002,404.000000,20.249780,0.000000
20.270835,20.299832,-3.823242,0.000000,0.000000,0.050092,0.050004,405.000000,20.299872,0.000000
20.320840,20.349876,-5.207520,0.000000,0.000000,0.050044,0.050005,406.000000,20.349916,0.000000
20.370840,20.399968,-5.537109,0.000000,0.000000,0.050092,0.050000,407.000000,20.400008,0.000000
20.420840,20.450008,-4.614258,0.000000,0.000000,0.050040,0.050000,408.000000,20.450052,0.000000
20.470843,20.500112,-2.768555,0.000000,0.000000,0.050104,0.050003,409.000000,20.500152,0.000000
20.520847,20.550152,-0.395508,0.000000,0.000000,0.050040,0.050004,410.000000,20.550196,0.000000
20.570852,20.600252,2.109375,0.000000,0.000000,0.050100,0.050006,411.000000,20.600292,0.000000
20.620853,20.650304,4.086914,0.000000,0.000000,0.050052,0.050000,412.000000,20.650352,0.000000
20.670861,20.700544,5.141602,0.000000,0.000000,0.050240,0.050008,413.000000,20.700580,0.000000
20.720869,20.750460,5.075684,0.000000,0.000000,0.049916,0.050008,414.000000,20.750500,0.000000
20.770875,20.800544,3.823242,0.000000,0.000000,0.050084,0.050007,415.000000,20.800584,0.000000
20.820885,20.850632,1.845703,0.000000,0.000000,0.050088,0.050009,416.000000,20.850672,0.000000
20.870887,20.900856,-0.461426,0.000000,0.000000,0.050224,0.050002,417.000000,20.900896,0.000000
20.920893,20.950772,-2.636719,0.000000,0.000000,0.049916,0.050006,418.000000,20.950812,0.000000
20.970901,21.000828,-4.350586,0.000000,0.000000,0.050056,0.050009,419.000000,21.000868,0.000000
21.020901,21.050876,-4.943848,0.000000,0.000000,0.050048,0.050000,420.000000,21.050920,0.000000
21.070908,21.100980,-4.482422,0.000000,0.000000,0.050104,0.050006,421.000000,21.101020,0.000000
21.120910,21.151028,-3.164062,0.000000,0.000000,0.050048,0.050002,422.000000,21.151076,0.000000
21.170910,21.201264,-1.054688,0.000000,0.000000,0.050236,0.050001,423.000000,21.201300,0.000000
21.220919,21.251188,1.120605,0.000000,0.000000,0.049924,0.050008,424.000000,21.251228,0.000000
21.270927,21.301408,3.164062,0.000000,0.000000,0.050220,0.050008,425.000000,21.301448,0.000000
21.320928,21.351324,4.350586,0.000000,0.000000,0.049916,0.050002,426.000000,21.351364,0.000000
21.370930,21.401416,4.614258,0.000000,0.000000,0.050092,0.050001,427.000000,21.401456,0.000000
21.420933,21.451504,3.955078,0.000000,0.000000,0.050088,0.050003,428.000000,21.451544,0.000000
21.470933,21.501556,2.373047,0.000000,0.000000,0.050052,0.050001,429.000000,21.501596,0.000000
21.520942,21.551604,0.329590,0.000000,0.000000,0.050048,0.050008,430.000000,21.551648,0.000000
21.570949,21.601708,-1.779785,0.000000,0.000000,0.050104,0.050007,431.000000,21.601748,0.000000
21.620950,21.651764,-3.361816,0.000000,0.000000,0.050056,0.050002,432.000000,21.651808,0.000000
21.670951,21.702000,-4.350586,0.000000,0.000000,0.050236,0.050000,433.000000,21.702036,0.000000
21.720951,21.751916,-4.218750,0.000000,0.000000,0.049916,0.050003,434.000000,21.751956,0.000000
21.770962,21.802144,-3.295898,0.000000,0.000000,0.050228,0.050009,435.000000,21.802184,0.000000
21.820972,21.852060,-1.713867,0.000000,0.000000,0.049916,0.050009,436.000000,21.852100,0.000000
21.870979,21.902152,0.329590,0.000000,0.000000,0.050092,0.050007,437.000000,21.902192,0.000000
21.920984,21.952204,2.175293,0.000000,0.000000,0.050052,0.050005,438.000000,21.952244,0.000000
21.970985,22.002288,3.559570,0.000000,0.000000,0.050084,0.050001,439.000000,22.002328,0.000000
22.020990,22.052332,4.086914,0.000000,0.000000,0.050044,0.050006,440.000000,22.052376,0.000000
22.071000,22.102436,3.757324,0.000000,0.000000,0.050104,0.050009,441.000000,22.102476,0.000000
22.121003,22.153044,2.636719,0.000000,0.000000,0.050608,0.050004,442.000000,22.153088,0.000000
22.171007,22.202716,0.922852,0.000000,0.000000,0.049672,0.050003,443.000000,22.202752,0.000000
22.221009,22.252808,-0.922852,0.000000,0.000000,0.050092,0.050002,444.000000,22.252848,0.000000
22.271012,22.302724,-2.570801,0.000000,0.000000,0.049916,0.050003,445.000000,22.302764,0.000000
22.321018,22.352780,-3.625488,0.000000,0.000000,0.050056,0.050006,446.000000,22.352820,0.000000
22.371019,22.402872,-3.823242,0.000000,0.000000,0.050092,0.050001,447.000000,22.402912,0.000000
22.421027,22.452924,-3.295898,0.000000,0.000000,0.050052,0.050008,448.000000,22.452964,0.000000
22.471034,22.503144,-1.977539,0.000000,0.000000,0.050220,0.050007,449.000000,22.503184,0.000000
22.521040,22.553076,-0.263672,0.000000,0.000000,0.049932,0.050006,450.000000,22.553116,0.000000
22.571043,22.603732,1.450195,0.000000,0.000000,0.050656,0.050003,451.000000,22.603772,0.000000
22.621044,22.653396,2.768555,0.000000,0.000000,0.049664,0.050002,452.000000,22.653432,0.000000
22.671037,22.703880,3.493652,0.000000,0.000000,0.050484,0.050000,453.000000,22.703920,0.000000
22.721054,22.753540,3.493652,0.000000,0.000000,0.049660,0.050010,454.000000,22.753580,0.000000
22.771057,22.803424,2.702637,0.000000,0.000000,0.049884,0.050002,455.000000,22.803464,0.000000
22.821057,22.853520,1.318359,0.000000,0.000000,0.050096,0.050000,456.000000,22.853560,0.000000
22.871060,22.903560,-0.263672,0.000000,0.000000,0.050040,0.050003,457.000000,22.903604,0.000000
22.921067,22.953664,-1.779785,0.000000,0.000000,0.050104,0.050008,458.000000,22.953704,0.000000
22.971070,23.003880,-2.900391,0.000000,0.000000,0.050216,0.050003,459.000000,23.003920,0.000000
23.021078,23.053796,-3.361816,0.000000,0.000000,0.049916,0.050007,460.000000,23.053836,0.000000
23.071079,23.104024,-3.098145,0.000000,0.000000,0.050228,0.050002,461.000000,23.104060,0.000000
23.121086,23.153948,-2.109375,0.000000,0.000000,0.049924,0.050006,462.000000,23.153988,0.000000
23.171092,23.204176,-0.725098,0.000000,0.000000,0.050228,0.050006,463.000000,23.204220,0.000000
23.221097,23.254664,0.791016,0.000000,0.000000,0.050488,0.050005,464.000000,23.254704,0.000000
23.271102,23.304316,2.109375,0.000000,0.000000,0.049652,0.050005,465.000000,23.304356,0.000000
23.321105,23.354800,2.900391,0.000000,0.000000,0.050484,0.050003,466.000000,23.354840,0.000000
23.371109,23.404468,3.032227,0.000000,0.000000,0.049668,0.050004,467.000000,23.404504,0.000000
23.421109,23.454380,2.636719,0.000000,0.000000,0.049912,0.050000,468.000000,23.454420,0.000000
23.471114,23.504600,1.582031,0.000000,0.000000,0.050220,0.050006,469.000000,23.504640,0.000000
23.521119,23.554696,0.263672,0.000000,0.000000,0.050096,0.050004,470.000000,23.554736,0.000000
23.571124,23.604748,-1.186523,0.000000,0.000000,0.050052,0.050006,471.000000,23.604788,0.000000
23.621129,23.654844,-2.241211,0.000000,0.000000,0.050096,0.050005,472.000000,23.654884,0.000000
23.671134,23.705328,-2.834473,0.000000,0.000000,0.050484,0.050004,473.000000,23.705368,0.000000
23.721141,23.755380,-2.834473,0.000000,0.000000,0.050052,0.050007,474.000000,23.755420,0.000000
23.771150,23.805044,-2.241211,0.000000,0.000000,0.049664,0.050009,475.000000,23.805080,0.000000
23.821156,23.855128,-1.054688,0.000000,0.000000,0.050084,0.050006,476.000000,23.855168,0.000000
23.871159,23.905172,0.131836,0.000000,0.000000,0.050044,0.050003,477.000000,23.905212,0.000000
23.921164,23.955264,1.384277,0.000000,0.000000,0.050092,0.050005,478.000000,23.955304,0.000000
23.971164,24.005744,2.241211,0.000000,0.000000,0.050480,0.050000,479.000000,24.005784,0.000000
24.021170,24.055412,2.636719,0.000000,0.000000,0.049668,0.050006,480.000000,24.055448,0.000000
24.071171,24.105468,2.438965,0.000000,0.000000,0.050056,0.050001,481.000000,24.105504,0.000000
24.121171,24.155988,1.647949,0.000000,0.000000,0.050520,0.050001,482.000000,24.156024,0.000000
24.171173,24.206028,0.593262,0.000000,0.000000,0.050040,0.050001,483.000000,24.206068,0.000000
24.221173,24.256120,-0.659180,0.000000,0.000000,0.050092,0.050000,484.000000,24.256160,0.000000
24.271178,24.305740,-1.713867,0.000000,0.000000,0.049620,0.050005,485.000000,24.305784,0.000000
24.321181,24.356236,-2.307129,0.000000,0.000000,0.050496,0.050003,486.000000,24.356280,0.000000
24.371185,24.406328,-2.504883,0.000000,0.000000,0.050092,0.050005,487.000000,24.406372,0.000000
24.421192,24.456004,-2.109375,0.000000,0.000000,0.049676,0.050006,488.000000,24.456040,0.000000
24.471191,24.506052,-1.318359,0.000000,0.000000,0.050048,0.050000,489.000000,24.506092,0.000000
24.521193,24.556104,-0.197754,0.000000,0.000000,0.050052,0.050001,490.000000,24.556148,0.000000
24.571198,24.606212,0.856934,0.000000,0.000000,0.050108,0.050005,491.000000,24.606252,0.000000
24.621200,24.656696,1.647949,0.000000,0.000000,0.050484,0.050002,492.000000,24.656736,0.000000
24.671202,24.706784,2.175293,0.000000,0.000000,0.050088,0.050002,493.000000,24.706824,0.000000
24.721207,24.756836,2.109375,0.000000,0.000000,0.050052,0.050005,494.000000,24.756876,0.000000
24.771213,24.806500,1.647949,0.000000,0.000000,0.049664,0.050007,495.000000,24.806536,0.000000
24.821219,24.856548,0.791016,0.000000,0.000000,0.050048,0.050006,496.000000,24.856588,0.000000
24.871226,24.907076,-0.197754,0.000000,0.000000,0.050528,0.050007,497.000000,24.907120,0.000000
24.921227,24.957132,-1.186523,0.000000,0.000000,0.050056,0.050000,498.000000,24.957172,0.000000
24.971227,25.006804,-1.779785,0.000000,0.000000,0.049672,0.050000,499.000000,25.006840,0.000000
25.021232,25.056852,-2.043457,0.000000,0.000000,0.050048,0.050005,500.000000,25.056892,0.000000
25.071231,25.106908,-1.845703,0.000000,0.000000,0.050056,0.050000,501.000000,25.106944,0.000000
25.121241,25.157004,-1.318359,0.000000,0.000000,0.050096,0.050009,502.000000,25.157044,0.000000
25.171243,25.207488,-0.527344,0.000000,0.000000,0.050484,0.050002,503.000000,25.207528,0.000000
25.221243,25.257584,0.395508,0.000000,0.000000,0.050096,0.050000,504.000000,25.257624,0.000000
25.271244,25.307644,1.120605,0.000000,0.000000,0.050060,0.050001,505.000000,25.307680,0.000000
25.321253,25.357692,1.647949,0.000000,0.000000,0.050048,0.050009,506.000000,25.357728,0.000000
25.371253,25.407784,1.713867,0.000000,0.000000,0.050092,0.050000,507.000000,25.407824,0.000000
25.421258,25.457844,1.450195,0.000000,0.000000,0.050060,0.050005,508.000000,25.457884,0.000000
25.471257,25.507936,0.856934,0.000000,0.000000,0.050092,0.050002,509.000000,25.507976,0.000000
25.521261,25.557988,0.065918,0.000000,0.000000,0.050052,0.050001,510.000000,25.558028,0.000000
25.571262,25.608088,-0.725098,0.000000,0.000000,0.050100,0.050001,511.000000,25.608128,0.000000
25.621266,25.658132,-1.318359,0.000000,0.000000,0.050044,0.050004,512.000000,25.658172,0.000000
25.671267,25.708232,-1.713867,0.000000,0.000000,0.050100,0.050002,513.000000,25.708272,0.000000
25.721274,25.758276,-1.582031,0.000000,0.000000,0.050044,0.050006,514.000000,25.758316,0.000000
25.771278,25.808332,-1.252441,0.000000,0.000000,0.050056,0.050004,515.000000,25.808376,0.000000
25.821282,25.858440,-0.659180,0.000000,0.000000,0.050108,0.050005,516.000000,25.858476,0.000000
25.871291,25.908480,0.131836,0.000000,0.000000,0.050040,0.050008,517.000000,25.908524,0.000000
25.921298,25.958576,0.791016,0.000000,0.000000,0.050096,0.050008,518.000000,25.958616,0.000000
25.971304,26.008672,1.186523,0.000000,0.000000,0.050096,0.050005,519.000000,26.008712,0.000000
26.021308,26.058724,1.384277,0.000000,0.000000,0.050052,0.050004,520.000000,26.058764,0.000000
26.071317,26.108816,1.186523,0.000000,0.000000,0.050092,0.050009,521.000000,26.108856,0.000000
26.121321,26.158860,0.791016,0.000000,0.000000,0.050044,0.050005,522.000000,26.158900,0.000000
26.171324,26.208960,0.131836,0.000000,0.000000,0.050100,0.050003,523.000000,26.209000,0.000000
26.221333,26.259004,-0.461426,0.000000,0.000000,0.050044,0.050008,524.000000,26.259044,0.000000
26.271340,26.309104,-0.988770,0.000000,0.000000,0.050100,0.050007,525.000000,26.309140,0.000000
26.321349,26.359156,-1.318359,0.000000,0.000000,0.050052,0.050009,526.000000,26.359192,0.000000
26.371356,26.409248,-1.318359,0.000000,0.000000,0.050092,0.050007,527.000000,26.409288,0.000000
26.421356,26.459300,-0.988770,0.000000,0.000000,0.050052,0.050000,528.000000,26.459340,0.000000
26.471363,26.509392,-0.527344,0.000000,0.000000,0.050092,0.050007,529.000000,26.509432,0.000000
26.521371,26.559452,0.000000,0.000000,0.000000,0.050060,0.050009,530.000000,26.559492,0.000000
26.571372,26.609536,0.527344,0.000000,0.000000,0.050084,0.050000,531.000000,26.609576,0.000000
26.621375,26.659580,0.856934,0.000000,0.000000,0.050044,0.050004,532.000000,26.659620,0.000000
26.671381,26.709680,1.054688,0.000000,0.000000,0.050100,0.050006,533.000000,26.709720,0.000000
26.721383,26.759724,0.922852,0.000000,0.000000,0.050044,0.050001,534.000000,26.759764,0.000000
26.771385,26.809820,0.593262,0.000000,0.000000,0.050096,0.050002,535.000000,26.809860,0.000000
26.821390,26.859876,0.131836,0.000000,0.000000,0.050056,0.050005,536.000000,26.859916,0.000000
26.871391,26.909968,-0.263672,0.000000,0.000000,0.050092,0.050001,537.000000,26.910008,0.000000
26.921391,26.960028,-0.725098,0.000000,0.000000,0.050060,0.050000,538.000000,26.960068,0.000000
26.971394,27.010120,-0.988770,0.000000,0.000000,0.050092,0.050003,539.000000,27.010160,0.000000
27.021397,27.060180,-0.988770,0.000000,0.000000,0.050060,0.050003,540.000000,27.060220,0.000000
27.071405,27.110228,-0.791016,0.000000,0.000000,0.050048,0.050008,541.000000,27.110268,0.000000
27.121406,27.160320,-0.461426,0.000000,0.000000,0.050092,0.050002,542.000000,27.160360,0.000000
27.171414,27.210416,0.000000,0.000000,0.000000,0.050096,0.050007,543.000000,27.210456,0.000000
27.221417,27.260460,0.329590,0.000000,0.000000,0.050044,0.050004,544.000000,27.260500,0.000000
27.271418,27.310556,0.593262,0.000000,0.000000,0.050096,0.050000,545.000000,27.310596,0.000000
27.321427,27.360612,0.659180,0.000000,0.000000,0.050056,0.050010,546.000000,27.360648,0.000000
27.371436,27.410656,0.659180,0.000000,0.000000,0.050044,0.050008,547.000000,27.410700,0.000000
27.421443,27.460752,0.395508,0.000000,0.000000,0.050096,0.050008,548.000000,27.460792,0.000000
27.471447,27.510840,0.065918,0.000000,0.000000,0.050088,0.050003,549.000000,27.510880,0.000000
27.521450,27.560900,-0.197754,0.000000,0.000000,0.050060,0.050003,550.000000,27.560940,0.000000
27.571449,27.610956,-0.527344,0.000000,0.000000,0.050056,0.050000,551.000000,27.610996,0.000000
27.621452,27.661048,-0.725098,0.000000,0.000000,0.050092,0.050002,552.000000,27.661088,0.000000
27.671455,27.711096,-0.725098,0.000000,0.000000,0.050048,0.050003,553.000000,27.711140,0.000000
27.721464,27.761196,-0.527344,0.000000,0.000000,0.050100,0.050009,554.000000,27.761236,0.000000
27.771467,27.811680,-0.263672,0.000000,0.000000,0.050484,0.050003,555.000000,27.811720,0.000000
27.821468,27.861340,0.000000,0.000000,0.000000,0.049660,0.050002,556.000000,27.861376,0.000000
27.871475,27.911812,0.263672,0.000000,0.000000,0.050472,0.050006,557.000000,27.911856,0.000000
27.921477,27.961904,0.395508,0.000000,0.000000,0.050092,0.050002,558.000000,27.961944,0.000000
27.971486,28.012000,0.527344,0.000000,0.000000,0.050096,0.050014,559.000000,28.012040,0.000000
28.021493,28.062052,0.395508,0.000000,0.000000,0.050052,0.050006,560.000000,28.062092,0.000000
28.071496,28.112144,0.263672,0.000000,0.000000,0.050092,0.050000,561.000000,28.112184,0.000000
28.121504,28.162188,0.000000,0.000000,0.000000,0.050044,0.050007,562.000000,28.162228,0.000000
28.171508,28.212272,-0.197754,0.000000,0.000000,0.050084,0.050004,563.000000,28.212312,0.000000
28.221514,28.262332,-0.395508,0.000000,0.000000,0.050060,0.050007,564.000000,28.262372,0.000000
28.271522,28.312432,-0.461426,0.000000,0.000000,0.050100,0.050007,565.000000,28.312472,0.000000
28.321522,28.362492,-0.461426,0.000000,0.000000,0.050060,0.050001,566.000000,28.362532,0.000000
28.371532,28.412548,-0.395508,0.000000,0.000000,0.050056,0.050015,567.000000,28.412588,0.000000
28.421540,28.462212,-0.197754,0.000000,0.000000,0.049664,0.050002,568.000000,28.462252,0.000000
28.471540,28.512696,0.000000,0.000000,0.000000,0.050484,0.050002,569.000000,28.512736,0.000000
28.521544,28.562780,0.131836,0.000000,0.000000,0.050084,0.050002,570.000000,28.562820,0.000000
28.571549,28.612872,0.263672,0.000000,0.000000,0.050092,0.050005,571.000000,28.612912,0.000000
28.621558,28.662916,0.263672,0.000000,0.000000,0.050044,0.050010,572.000000,28.662956,0.000000
28.671568,28.712968,0.131836,0.000000,0.000000,0.050052,0.050009,573.000000,28.713012,0.000000
28.721573,28.763064,0.065918,0.000000,0.000000,0.050096,0.050005,574.000000,28.763104,0.000000
28.771574,28.812684,-0.131836,0.000000,0.000000,0.049620,0.050001,575.000000,28.812728,0.000000
28.821574,28.862776,-0.197754,0.000000,0.000000,0.050092,0.050000,576.000000,28.862820,0.000000
28.871576,28.912872,-0.263672,0.000000,0.000000,0.050096,0.050002,577.000000,28.912912,0.000000
28.921583,28.962916,-0.263672,0.000000,0.000000,0.050044,0.050011,578.000000,28.962956,0.000000
28.971595,29.013008,-0.197754,0.000000,0.000000,0.050092,0.050008,579.000000,29.013048,0.000000
29.021601,29.063060,-0.197754,0.000000,0.000000,0.050052,0.050006,580.000000,29.063100,0.000000
29.071609,29.113152,-0.131836,0.000000,0.000000,0.050092,0.050008,581.000000,29.113192,0.000000
29.121610,29.163632,0.000000,0.000000,0.000000,0.050480,0.050001,582.000000,29.163672,0.000000
29.171612,29.213292,0.065918,0.000000,0.000000,0.049660,0.050003,583.000000,29.213328,0.000000
29.221621,29.263340,0.065918,0.000000,0.000000,0.050048,0.050008,584.000000,29.263384,0.000000
29.271622,29.313436,0.000000,0.000000,0.000000,0.050096,0.050004,585.000000,29.313476,0.000000
29.321632,29.363956,0.000000,0.000000,0.000000,0.050520,0.050007,586.000000,29.363992,0.000000
29.371637,29.413564,-0.131836,0.000000,0.000000,0.049608,0.050005,587.000000,29.413600,0.000000
29.421642,29.463656,-0.197754,0.000000,0.000000,0.050092,0.050005,588.000000,29.463696,0.000000
29.471649,29.513744,-0.197754,0.000000,0.000000,0.050088,0.050007,589.000000,29.513784,0.000000
29.521655,29.563796,-0.197754,0.000000,0.000000,0.050052,0.050006,590.000000,29.563836,0.000000
29.571664,29.614280,-0.131836,0.000000,0.000000,0.050484,0.050009,591.000000,29.614320,0.000000
29.621670,29.664376,-0.131836,0.000000,0.000000,0.050096,0.050006,592.000000,29.664416,0.000000
29.671677,29.714428,0.000000,0.000000,0.000000,0.050052,0.050007,593.000000,29.714468,0.000000
29.721685,29.764512,0.000000,0.000000,0.000000,0.050084,0.050008,594.000000,29.764552,0.000000
29.771690,29.814592,0.000000,0.000000,0.000000,0.050080,0.050006,595.000000,29.814632,0.000000
29.821690,29.864632,0.000000,0.000000,0.000000,0.050040,0.050000,596.000000,29.864676,0.000000
29.871698,29.914728,-0.131836,0.000000,0.000000,0.050096,0.050007,597.000000,29.914768,0.000000
29.921698,29.964816,-0.131836,0.000000,0.000000,0.050088,0.050000,598.000000,29.964856,0.000000
29.971705,30.014868,-0.131836,0.000000,0.000000,0.050052,0.050007,599.000000,30.014904,0.000000
